Workbook

Sheet abra02
A1: abra02 | C1: G1 = E25 | D1: Only 72 electrodes in 2022, 96 in 2021 | S1: 0 | T1: -61 | V1: 0 | W1: 3854.89 | Y1: =W1-MAX(W:W) -> -28.549 | AB1: =V1 -> 0 | AC1: =Y1 -> -28.549
S2: 4.9 | T2: -60.5 | V2: 4.9 | W2: 3854.882 | Y2: =W2-MAX(W:W) -> -28.557 | AB2: =V2 -> 4.9 | AC2: =Y2 -> -28.557
C3: ERT (original) | E3: RST | H3: RST (new) | S3: 9.8 | T3: -60.1 | V3: 9.8 | W3: 3854.839 | Y3: =W3-MAX(W:W) -> -28.6 | AB3: =V3 -> 9.8 | AC3: =Y3 -> -28.6
A4: #ERT | B4: #GST | C4: x | D4: z | E4: x | F4: z_alt | G4: z_depth | H4: x | I4: z | S4: 14.8 | T4: -59.7 | V4: 14.8 | W4: 3854.818 | Y4: =W4-MAX(W:W) -> -28.621 | AB4: =V4 -> 14.8 | AC4: =Y4 -> -28.621
A5: E1 | C5: 0 | D5: -61 | L5: 0 | M5: 3854.89 | O5: 96 | P5: 0 | S5: 19.7 | T5: -59.2 | V5: 19.7 | W5: 3854.809 | Y5: =W5-MAX(W:W) -> -28.63 | AB5: =V5 -> 19.7 | AC5: =Y5 -> -28.63
A6: E2 | C6: 4.9 | D6: -60.5 | L6: 5 | M6: 3854.882 | O6: 1 | P6: -61 | S6: 24.6 | T6: -58.8 | V6: 24.6 | W6: 3854.817 | Y6: =W6-MAX(W:W) -> -28.622 | AB6: =V6 -> 24.6 | AC6: =Y6 -> -28.622
A7: E3 | C7: 9.8 | D7: -60.1 | L7: 10 | M7: 3854.839 | O7: 2 | P7: -60.5 | S7: 29.5 | T7: -58.4 | V7: 29.5 | W7: 3854.806 | Y7: =W7-MAX(W:W) -> -28.633 | AB7: =V7 -> 29.5 | AC7: =Y7 -> -28.633
A8: E4 | C8: 14.8 | D8: -59.7 | L8: 15 | M8: 3854.818 | O8: 3 | P8: -60.1 | S8: 34.5 | T8: -58.1 | V8: 34.5 | W8: 3854.853 | Y8: =W8-MAX(W:W) -> -28.586 | AB8: =V8 -> 34.5 | AC8: =Y8 -> -28.586
A9: E5 | C9: 19.7 | D9: -59.2 | L9: 20 | M9: 3854.809 | O9: 4 | P9: -59.7 | S9: 39.4 | T9: -57.6 | V9: 39.4 | W9: 3854.856 | Y9: =W9-MAX(W:W) -> -28.583 | AB9: =V9 -> 39.4 | AC9: =Y9 -> -28.583
A10: E6 | C10: 24.6 | D10: -58.8 | L10: 25 | M10: 3854.817 | O10: 5 | P10: -59.2 | S10: 44.3 | T10: -57.1 | V10: 44.3 | W10: 3854.905 | Y10: =W10-MAX(W:W) -> -28.534 | AB10: =V10 -> 44.3 | AC10: =Y10 -> -28.534
A11: E7 | C11: 29.5 | D11: -58.4 | L11: 30 | M11: 3854.806 | O11: 6 | P11: -58.8 | S11: 49.2 | T11: -56.5 | V11: 49.2 | W11: 3854.984 | Y11: =W11-MAX(W:W) -> -28.455 | AB11: =V11 -> 49.2 | AC11: =Y11 -> -28.455
A12: E8 | C12: 34.5 | D12: -58.1 | L12: 35 | M12: 3854.853 | O12: 7 | P12: -58.4 | S12: 54.2 | T12: -55.6 | V12: 54.2 | W12: 3854.996 | Y12: =W12-MAX(W:W) -> -28.443 | AB12: =V12 -> 54.2 | AC12: =Y12 -> -28.443
A13: E9 | C13: 39.4 | D13: -57.6 | L13: 40 | M13: 3854.856 | O13: 8 | P13: -58.1 | S13: 59.2 | T13: -54.5 | V13: 59.2 | W13: 3855.055 | Y13: =W13-MAX(W:W) -> -28.384 | AB13: =V13 -> 59.2 | AC13: =Y13 -> -28.384
A14: E10 | C14: 44.3 | D14: -57.1 | L14: 45 | M14: 3854.905 | O14: 9 | P14: -57.6 | S14: 64 | T14: -53.7 | V14: 64 | W14: 3855.176 | Y14: =W14-MAX(W:W) -> -28.263 | AB14: =V14 -> 64 | AC14: =Y14 -> -28.263
A15: E11 | C15: 49.2 | D15: -56.5 | L15: 50 | M15: 3854.984 | O15: 10 | P15: -57.1 | S15: 68.9 | T15: -52.9 | V15: 68.9 | W15: 3855.193 | Y15: =W15-MAX(W:W) -> -28.246 | AB15: =V15 -> 68.9 | AC15: =Y15 -> -28.246
A16: E12 | C16: 54.2 | D16: -55.6 | L16: 55 | M16: 3854.996 | O16: 11 | P16: -56.5 | S16: 73.8 | T16: -51.9 | V16: 73.8 | W16: 3855.525 | Y16: =W16-MAX(W:W) -> -27.914 | AB16: =V16 -> 73.8 | AC16: =Y16 -> -27.914
... A23: E19 | C23: 88.7 | D23: -50.4 | L23: 90 | M23: 3855.328 | O23: 18 | P23: -50.4 | S23: 108.4 | T23: -50.7 | V23: 108.4 | W23: 3859.652 | Y23: =W23-MAX(W:W) -> -23.787 | AB23: =V23 -> 108.4 | AC23: =Y23 -> -23.787
A24: E20 | C24: 93.6 | D24: -50.3 | L24: 95 | M24: 3856.578 | O24: 19 | P24: -50.4 | S24: 113.4 | T24: -51.2 | V24: 113.4 | W24: 3860.308 | X24: 3860.96 | Y24: =W24-MAX(W:W) -> -23.131 | Z24: =V24 -> 113.4 | AA24: =Y24 -> -23.131 | AB24: =V24 -> 113.4 | AC24: =Y24 -> -23.131
A25: E21 | C25: 98.6 | D25: -50.3 | L25: 100 | M25: 3857.462 | O25: 20 | P25: -50.3 | S25: 118.4 | T25: -51.7 | V25: 118.4 | W25: 3861.019 | X25: 3861.019 | Y25: =W25-MAX(W:W) -> -22.42 | Z25: =V25 -> 118.4 | AA25: =Y25 -> -22.42 | AB25: =V25 -> 118.4 | AC25: =Y25 -> -22.42
A26: E22 | C26: 103.5 | D26: -50.3 | L26: 105 | M26: 3858.524 | O26: 21 | P26: -50.3 | S26: 123.3 | T26: -52.1 | V26: 123.3 | W26: 3861.839 | X26: 3861.839 | Y26: =W26-MAX(W:W) -> -21.6 | Z26: =V26 -> 123.3 | AA26: =Y26 -> -21.6 | AB26: =V26 -> 123.3 | AC26: =Y26 -> -21.6
A27: E23 | C27: 108.4 | D27: -50.7 | L27: 110 | M27: 3859.652 | O27: 22 | P27: -50.3 | S27: 128.2 | T27: -52.4 | V27: 128.2 | W27: 3861.73 | X27: 3861.73 | Y27: =W27-MAX(W:W) -> -21.709 | Z27: =V27 -> 128.2 | AA27: =Y27 -> -21.709 | AB27: =V27 -> 128.2 | AC27: =Y27 -> -21.709
A28: E24 | B28: offset | C28: 113.4 | D28: -51.2 | E28: -7.5 | F28: 3860.96 | G28: =F28-MAX(F:F) -> -22.027 | H28: =C28 -> 113.4 | I28: =D28 -> -51.2 | J28: -7.5 | K28: -22.03 | L28: 115 | M28: 3860.308 | O28: 23 | P28: -50.7 | S28: 133.2 | T28: -52.7 | V28: 133.2 | W28: 3862.493 | X28: 3862.493 | Y28: =W28-MAX(W:W) -> -20.946 | Z28: =V28 -> 133.2 | AA28: =Y28 -> -20.946 | AB28: =V28 -> 133.2 | AC28: =Y28 -> -20.946
A29: E25 | B29: G1 | C29: 118.4 | D29: -51.7 | E29: 0 | F29: 3861.019 | G29: =F29-MAX(F:F) -> -21.968 | H29: =C29 -> 118.4 | I29: =D29 -> -51.7 | J29: -3.75 | K29: -22 | L29: 120 | M29: 3861.019 | O29: 24 | P29: -51.2 | S29: 138.2 | T29: -53 | V29: 138.2 | W29: 3863.137 | X29: 3863.137 | Y29: =W29-MAX(W:W) -> -20.302 | Z29: =V29 -> 138.2 | AA29: =Y29 -> -20.302 | AB29: =V29 -> 138.2 | AC29: =Y29 -> -20.302
A30: E26 | B30: G2 | C30: 123.3 | D30: -52.1 | E30: 4.9 | F30: 3861.839 | G30: =F30-MAX(F:F) -> -21.148 | H30: =C30 -> 123.3 | I30: =D30 -> -52.1 | J30: 0 | K30: -21.97 | L30: 125 | M30: 3861.839 | O30: 25 | P30: -51.7 | S30: 143.2 | T30: -53.2 | V30: 143.2 | W30: 3863.678 | X30: 3863.678 | Y30: =W30-MAX(W:W) -> -19.761 | Z30: =V30 -> 143.2 | AA30: =Y30 -> -19.761 | AB30: =V30 -> 143.2 | AC30: =Y30 -> -19.761
A31: E27 | B31: G3 | C31: 128.2 | D31: -52.4 | E31: 9.9 | F31: 3861.73 | G31: =F31-MAX(F:F) -> -21.257 | H31: =C31 -> 128.2 | I31: =D31 -> -52.4 | J31: 2.45 | K31: -21.56 | L31: 130 | M31: 3861.73 | O31: 26 | P31: -52.1 | S31: 148.2 | T31: -53.5 | V31: 148.2 | W31: 3863.512 | X31: 3863.512 | Y31: =W31-MAX(W:W) -> -19.927 | Z31: =V31 -> 148.2 | AA31: =Y31 -> -19.927 | AB31: =V31 -> 148.2 | AC31: =Y31 -> -19.927
A32: E28 | B32: G4 | C32: 133.2 | D32: -52.7 | E32: 14.9 | F32: 3862.493 | G32: =F32-MAX(F:F) -> -20.494 | H32: =C32 -> 133.2 | I32: =D32 -> -52.7 | J32: 4.9 | K32: -21.15 | L32: 135 | M32: 3862.493 | O32: 27 | P32: -52.4 | S32: 153.2 | T32: -53.8 | V32: 153.2 | W32: 3862.611 | X32: 3862.611 | Y32: =W32-MAX(W:W) -> -20.828 | Z32: =V32 -> 153.2 | AA32: =Y32 -> -20.828 | AB32: =V32 -> 153.2 | AC32: =Y32 -> -20.828
A33: E29 | B33: G5 | C33: 138.2 | D33: -53 | E33: 19.8 | F33: 3863.137 | G33: =F33-MAX(F:F) -> -19.85 | H33: =C33 -> 138.2 | I33: =D33 -> -53 | J33: 7.4 | K33: -21.21 | L33: 140 | M33: 3863.137 | O33: 28 | P33: -52.7 | S33: 158.1 | T33: -54 | V33: 158.1 | W33: 3862.605 | X33: 3862.605 | Y33: =W33-MAX(W:W) -> -20.834 | Z33: =V33 -> 158.1 | AA33: =Y33 -> -20.834 | AB33: =V33 -> 158.1 | AC33: =Y33 -> -20.834
A34: E30 | B34: G6 | C34: 143.2 | D34: -53.2 | E34: 24.8 | F34: 3863.678 | G34: =F34-MAX(F:F) -> -19.309 | H34: =C34 -> 143.2 | I34: =D34 -> -53.2 | J34: 9.9 | K34: -21.26 | L34: 145 | M34: 3863.678 | O34: 29 | P34: -53 | S34: 162.9 | T34: -54.1 | V34: 162.9 | W34: 3861.233 | X34: 3861.233 | Y34: =W34-MAX(W:W) -> -22.206 | Z34: =V34 -> 162.9 | AA34: =Y34 -> -22.206 | AB34: =V34 -> 162.9 | AC34: =Y34 -> -22.206
A35: E31 | B35: G7 | C35: 148.2 | D35: -53.5 | E35: 29.8 | F35: 3863.512 | G35: =F35-MAX(F:F) -> -19.475 | H35: =C35 -> 148.2 | I35: =D35 -> -53.5 | J35: 12.4 | K35: -20.88 | L35: 150 | M35: 3863.512 | O35: 30 | P35: -53.2 | S35: 167.9 | T35: -54.2 | V35: 167.9 | W35: 3859.786 | X35: 3859.786 | Y35: =W35-MAX(W:W) -> -23.653 | Z35: =V35 -> 167.9 | AA35: =Y35 -> -23.653 | AB35: =V35 -> 167.9 | AC35: =Y35 -> -23.653
A36: E32 | B36: G8 | C36: 153.2 | D36: -53.8 | E36: 34.7 | F36: 3862.611 | G36: =F36-MAX(F:F) -> -20.376 | H36: =C36 -> 153.2 | I36: =D36 -> -53.8 | J36: 14.9 | K36: -20.5 | L36: 155 | M36: 3862.611 | O36: 31 | P36: -53.5 | S36: 172.8 | T36: -54.2 | V36: 172.8 | W36: 3859.329 | X36: 3859.329 | Y36: =W36-MAX(W:W) -> -24.11 | Z36: =V36 -> 172.8 | AA36: =Y36 -> -24.11 | AB36: =V36 -> 172.8 | AC36: =Y36 -> -24.11
A37: E33 | B37: G9 | C37: 158.1 | D37: -54 | E37: 39.7 | F37: 3862.605 | G37: =F37-MAX(F:F) -> -20.382 | H37: =C37 -> 158.1 | I37: =D37 -> -54 | J37: 17.35 | K37: -20.17 | L37: 160 | M37: 3862.605 | O37: 32 | P37: -53.8 | S37: 177.7 | T37: -54.2 | V37: 177.7 | W37: 3859.2 | X37: 3859.2 | Y37: =W37-MAX(W:W) -> -24.239 | Z37: =V37 -> 177.7 | AA37: =Y37 -> -24.239 | AB37: =V37 -> 177.7 | AC37: =Y37 -> -24.239
A38: E34 | B38: G10 | C38: 162.9 | D38: -54.1 | E38: 44.5 | F38: 3861.233 | G38: =F38-MAX(F:F) -> -21.754 | H38: =C38 -> 162.9 | I38: =D38 -> -54.1 | J38: 19.8 | K38: -19.85 | L38: 165 | M38: 3861.233 | O38: 33 | P38: -54 | S38: 182.6 | T38: -54.2 | V38: 182.6 | W38: 3859.388 | X38: 3859.388 | Y38: =W38-MAX(W:W) -> -24.051 | Z38: =V38 -> 182.6 | AA38: =Y38 -> -24.051 | AB38: =V38 -> 182.6 | AC38: =Y38 -> -24.051
A39: E35 | B39: G11 | C39: 167.9 | D39: -54.2 | E39: 49.3 | F39: 3859.786 | G39: =F39-MAX(F:F) -> -23.201 | H39: =C39 -> 167.9 | I39: =D39 -> -54.2 | J39: 22.3 | K39: -19.58 | L39: 170 | M39: 3859.786 | O39: 34 | P39: -54.1 | S39: 187.6 | T39: -54.2 | V39: 187.6 | W39: 3860.005 | X39: 3860.005 | Y39: =W39-MAX(W:W) -> -23.434 | Z39: =V39 -> 187.6 | AA39: =Y39 -> -23.434 | AB39: =V39 -> 187.6 | AC39: =Y39 -> -23.434
... A67: E63 | B67: G39 | C67: 302.3 | D67: -23.1 | E67: 186.4 | F67: 3881.782 | G67: =F67-MAX(F:F) -> -1.205 | H67: =C67 -> 302.3 | I67: =D67 -> -23.1 | J67: 90.65 | K67: -16.77 | L67: 330 | M67: 3882.744 | O67: 62 | P67: -23.6 | S67: 322.3 | T67: -20.3 | V67: 322.3 | W67: 3883.273 | X67: 3882.987 | Y67: =W67-MAX(W:W) -> -0.166 | Z67: =V67 -> 322.3 | AA67: =Y67 -> -0.166 | AB67: =V67 -> 322.3 | AC67: =Y67 -> -0.166
A68: E64 | B68: G40 | C68: 307.3 | D68: -21.7 | E68: 191.4 | F68: 3882.063 | G68: =F68-MAX(F:F) -> -0.924 | H68: =C68 -> 307.3 | I68: =D68 -> -21.7 | J68: 93 | K68: -15.92 | L68: 335 | M68: 3882.933 | O68: 63 | P68: -23.1 | S68: 327.3 | T68: -20.3 | V68: 327.3 | W68: 3883.225 | Y68: =W68-MAX(W:W) -> -0.214 | AB68: =V68 -> 327.3 | AC68: =Y68 -> -0.214
A69: E65 | B69: G41 | C69: 312.3 | D69: -20.6 | E69: 196.4 | F69: 3882.744 | G69: =F69-MAX(F:F) -> -0.243 | H69: =C69 -> 312.3 | I69: =D69 -> -20.6 | J69: 95.35 | K69: -15.07 | L69: 340 | M69: 3883.195 | O69: 64 | P69: -21.7 | S69: 332.2 | T69: -20 | V69: 332.2 | W69: 3883.439 | Y69: =W69-MAX(W:W) -> 0 | AB69: =V69 -> 332.2 | AC69: =Y69 -> 0
A70: E66 | B70: G42 | C70: 317.3 | D70: -20.8 | E70: 201.4 | F70: 3882.933 | G70: =F70-MAX(F:F) -> -0.054 | H70: =C70 -> 317.3 | I70: =D70 -> -20.8 | J70: 97.7 | K70: -14.22 | L70: 345 | M70: 3883.43 | O70: 65 | P70: -20.6 | S70: 337.2 | T70: -19.8 | V70: 337.2 | W70: 3883.2 | Y70: =W70-MAX(W:W) -> -0.239 | AB70: =V70 -> 337.2 | AC70: =Y70 -> -0.239
A71: E67 | B71: G43 | C71: 322.3 | D71: -20.3 | E71: 212.5 | F71: 3882.987 | G71: =F71-MAX(F:F) -> 0 | H71: =C71 -> 322.3 | I71: =D71 -> -20.3 | J71: 100.05 | K71: -13.38 | L71: 350 | M71: 3883.273 | O71: 66 | P71: -20.8 | S71: 342.2 | T71: -19.1 | V71: 342.2 | W71: 3882.701 | Y71: =W71-MAX(W:W) -> -0.738 | AB71: =V71 -> 342.2 | AC71: =Y71 -> -0.738
A72: E68 | B72: G44 | C72: 327.3 | D72: -20.3 | J72: 102.4 | K72: -12.54 | L72: 355 | M72: 3883.225 | O72: 67 | P72: -20.3 | S72: 347.2 | T72: -18.4 | V72: 347.2 | W72: 3882.802 | Y72: =W72-MAX(W:W) -> -0.637 | AB72: =V72 -> 347.2 | AC72: =Y72 -> -0.637
A73: E69 | B73: G45 | C73: 332.2 | D73: -20 | J73: 104.75 | K73: -11.74 | L73: 360 | M73: 3883.439 | O73: 68 | P73: -20.3 | S73: 352.2 | T73: -18.2 | V73: 352.2 | AC73: =Y73 -> 0
A74: E70 | B74: G46 | C74: 337.2 | D74: -19.8 | J74: 107.1 | K74: -10.94 | L74: 365 | M74: 3883.2 | O74: 69 | P74: -20 | S74: 357.2 | T74: -17.7 | V74: 357.2 | AC74: =Y74 -> 0
A75: E71 | B75: G47 | C75: 342.2 | D75: -19.1 | J75: 109.55 | K75: -10.37 | L75: 370 | M75: 3882.701 | O75: 70 | P75: -19.8 | S75: 362.1 | T75: -16.5 | V75: 362.1 | AC75: =Y75 -> 0
A76: E72 | B76: G48 | C76: 347.2 | D76: -18.4 | J76: 112 | K76: -9.81 | L76: 375 | M76: 3882.802 | O76: 71 | P76: -19.1 | S76: 367.1 | T76: -16.1 | V76: 367.1 | AC76: =Y76 -> 0
A77: E73 | B77: G49 | C77: 352.2 | D77: -18.2 | J77: 115.15 | K77: -9.01 | O77: 72 | P77: -18.4 | S77: 372.1 | T77: -15.3 | V77: 372.1 | AC77: =Y77 -> 0
A78: E74 | B78: G50 | C78: 357.2 | D78: -17.7 | J78: 118.3 | K78: -8.21 | O78: 73 | P78: -18.2 | S78: 377.1 | T78: -14.8 | V78: 377.1 | AC78: =Y78 -> 0
A79: E75 | B79: G51 | C79: 362.1 | D79: -16.5 | J79: 120.8 | K79: -9.01 | O79: 74 | P79: -17.7 | S79: 382.1 | T79: -14.2 | V79: 382.1 | AC79: =Y79 -> 0
A80: E76 | B80: G52 | C80: 367.1 | D80: -16.1 | J80: 123.3 | K80: -9.81 | O80: 75 | P80: -16.5 | S80: 387.1 | T80: -13.3 | V80: 387.1 | AC80: =Y80 -> 0
A81: E77 | B81: G53 | C81: 372.1 | D81: -15.3 | J81: 125.75 | K81: -8.12 | O81: 76 | P81: -16.1 | S81: 392 | T81: -13.1 | V81: 392 | AC81: =Y81 -> 0
A82: E78 | B82: G54 | C82: 377.1 | D82: -14.8 | J82: 128.2 | K82: -6.43 | O82: 77 | P82: -15.3 | S82: 396.9 | T82: -12.1 | V82: 396.9 | AC82: =Y82 -> 0
A83: E79 | B83: G55 | C83: 382.1 | D83: -14.2 | J83: 130.45 | K83: -5.41 | O83: 78 | P83: -14.8 | S83: 401.9 | T83: -11 | V83: 401.9 | AC83: =Y83 -> 0
A84: E80 | B84: G56 | C84: 387.1 | D84: -13.3 | J84: 132.7 | K84: -4.4 | O84: 79 | P84: -14.2 | S84: 406.8 | T84: -9.7 | V84: 406.8 | AC84: =Y84 -> 0
A85: E81 | B85: G57 | C85: 392 | D85: -13.1 | J85: 135.15 | K85: -4.91 | O85: 80 | P85: -13.3 | S85: 411.7 | T85: -9.2 | V85: 411.7 | AC85: =Y85 -> 0
A86: E82 | B86: G58 | C86: 396.9 | D86: -12.1 | J86: 137.6 | K86: -5.43 | O86: 81 | P86: -13.1 | S86: 416.6 | T86: -8.8 | V86: 416.6 | AC86: =Y86 -> 0
A87: E83 | B87: G59 | C87: 401.9 | D87: -11 | J87: 140.1 | K87: -5.56 | O87: 82 | P87: -12.1 | S87: 421.6 | T87: -7.8 | V87: 421.6 | AC87: =Y87 -> 0
A88: E84 | B88: G60 | C88: 406.8 | D88: -9.7 | J88: 142.6 | K88: -5.7 | O88: 83 | P88: -11 | S88: 426.5 | T88: -6.9 | V88: 426.5 | AC88: =Y88 -> 0
... A96: E92 | B96: G68 | C96: 446.5 | D96: -3.6 | J96: 161.7 | K96: -2.52 | O96: 91 | P96: -4.6 | S96: 466.4 | T96: 0 | V96: 466.4 | AC96: =Y96 -> 0
A97: E93 | B97: G69 | C97: 451.4 | D97: -2.7 | J97: 164.15 | K97: -1.95 | O97: 92 | P97: -3.6
A98: E94 | B98: G70 | C98: 456.4 | D98: -1.8 | J98: 166.6 | K98: -1.39 | O98: 93 | P98: -2.7
A99: E95 | B99: G71 | C99: 461.4 | D99: -0.9 | J99: 169.1 | K99: -1.58 | O99: 94 | P99: -1.8
A100: E96 | B100: G72 | C100: 466.4 | D100: 0 | J100: 171.6 | K100: -1.77 | O100: 95 | P100: -0.9
J101: 174.05 | K101: -1.41
J102: 176.5 | K102: -1.06
J103: 179 | K103: -0.79
J104: 181.5 | K104: -0.52
J105: 183.95 | K105: -0.87
J106: 186.4 | K106: -1.21
J107: 188.9 | K107: -1.07
J108: 191.4 | K108: -0.93
J109: 193.9 | K109: -0.59
J110: 196.4 | K110: -0.25
J111: 198.9 | K111: -0.15
J112: 201.4 | K112: -0.06
... J114: 212.5 | K114: 0

Sheet abra02_new
A1: abra02 | B1: ERT | H1: RST
A2: G1 = E25
B4: x | C4: z | D4: x | E4: z depth | F4: x true | G4: zdepth | H4: geophone
A5: E1 | B5: 0 | C5: 3854.89 | D5: =B5 -> 0 | E5: =C5-MAX($C$5:$C$76) -> -28.549 | F5: 0 | G5: -28.549
A6: E2 | B6: 5 | C6: 3854.882 | D6: =B6 -> 5 | E6: =C6-MAX($C$5:$C$76) -> -28.557 | F6: 4.9 | G6: -28.557
A7: E3 | B7: 10 | C7: 3854.839 | D7: =B7 -> 10 | E7: =C7-MAX($C$5:$C$76) -> -28.6 | F7: 9.8 | G7: -28.6
A8: E4 | B8: 15 | C8: 3854.818 | D8: =B8 -> 15 | E8: =C8-MAX($C$5:$C$76) -> -28.621 | F8: 14.8 | G8: -28.621
A9: E5 | B9: 20 | C9: 3854.809 | D9: =B9 -> 20 | E9: =C9-MAX($C$5:$C$76) -> -28.63 | F9: 19.7 | G9: -28.63
A10: E6 | B10: 25 | C10: 3854.817 | D10: =B10 -> 25 | E10: =C10-MAX($C$5:$C$76) -> -28.622 | F10: 24.6 | G10: -28.622
A11: E7 | B11: 30 | C11: 3854.806 | D11: =B11 -> 30 | E11: =C11-MAX($C$5:$C$76) -> -28.633 | F11: 29.5 | G11: -28.633
A12: E8 | B12: 35 | C12: 3854.853 | D12: =B12 -> 35 | E12: =C12-MAX($C$5:$C$76) -> -28.586 | F12: 34.5 | G12: -28.586
A13: E9 | B13: 40 | C13: 3854.856 | D13: =B13 -> 40 | E13: =C13-MAX($C$5:$C$76) -> -28.583 | F13: 39.4 | G13: -28.583
A14: E10 | B14: 45 | C14: 3854.905 | D14: =B14 -> 45 | E14: =C14-MAX($C$5:$C$76) -> -28.534 | F14: 44.3 | G14: -28.534
A15: E11 | B15: 50 | C15: 3854.984 | D15: =B15 -> 50 | E15: =C15-MAX($C$5:$C$76) -> -28.455 | F15: 49.2 | G15: -28.455
A16: E12 | B16: 55 | C16: 3854.996 | D16: =B16 -> 55 | E16: =C16-MAX($C$5:$C$76) -> -28.443 | F16: 54.2 | G16: -28.443
... A27: E23 | B27: 110 | C27: 3859.652 | D27: =B27 -> 110 | E27: =C27-MAX($C$5:$C$76) -> -23.787 | F27: 108.4 | G27: -23.787
A28: E24 | B28: 115 | C28: 3860.308 | D28: =B28 -> 115 | E28: =C28-MAX($C$5:$C$76) -> -23.131 | F28: 113.4 | G28: -23.131 | H28: 113.4 | I28: -23.131
A29: E25 | B29: 120 | C29: 3861.019 | D29: =B29 -> 120 | E29: =C29-MAX($C$5:$C$76) -> -22.42 | F29: 118.4 | G29: -22.42 | H29: 118.4 | I29: -22.42
A30: E26 | B30: 125 | C30: 3861.839 | D30: =B30 -> 125 | E30: =C30-MAX($C$5:$C$76) -> -21.6 | F30: 123.3 | G30: -21.6 | H30: 123.3 | I30: -21.6
A31: E27 | B31: 130 | C31: 3861.73 | D31: =B31 -> 130 | E31: =C31-MAX($C$5:$C$76) -> -21.709 | F31: 128.2 | G31: -21.709 | H31: 128.2 | I31: -21.709
A32: E28 | B32: 135 | C32: 3862.493 | D32: =B32 -> 135 | E32: =C32-MAX($C$5:$C$76) -> -20.946 | F32: 133.2 | G32: -20.946 | H32: 133.2 | I32: -20.946
A33: E29 | B33: 140 | C33: 3863.137 | D33: =B33 -> 140 | E33: =C33-MAX($C$5:$C$76) -> -20.302 | F33: 138.2 | G33: -20.302 | H33: 138.2 | I33: -20.302
A34: E30 | B34: 145 | C34: 3863.678 | D34: =B34 -> 145 | E34: =C34-MAX($C$5:$C$76) -> -19.761 | F34: 143.2 | G34: -19.761 | H34: 143.2 | I34: -19.761
A35: E31 | B35: 150 | C35: 3863.512 | D35: =B35 -> 150 | E35: =C35-MAX($C$5:$C$76) -> -19.927 | F35: 148.2 | G35: -19.927 | H35: 148.2 | I35: -19.927
A36: E32 | B36: 155 | C36: 3862.611 | D36: =B36 -> 155 | E36: =C36-MAX($C$5:$C$76) -> -20.828 | F36: 153.2 | G36: -20.828 | H36: 153.2 | I36: -20.828
A37: E33 | B37: 160 | C37: 3862.605 | D37: =B37 -> 160 | E37: =C37-MAX($C$5:$C$76) -> -20.834 | F37: 158.1 | G37: -20.834 | H37: 158.1 | I37: -20.834
A38: E34 | B38: 165 | C38: 3861.233 | D38: =B38 -> 165 | E38: =C38-MAX($C$5:$C$76) -> -22.206 | F38: 162.9 | G38: -22.206 | H38: 162.9 | I38: -22.206
A39: E35 | B39: 170 | C39: 3859.786 | D39: =B39 -> 170 | E39: =C39-MAX($C$5:$C$76) -> -23.653 | F39: 167.9 | G39: -23.653 | H39: 167.9 | I39: -23.653
... A71: E67 | B71: 350 | C71: 3883.273 | D71: =B71 -> 350 | E71: =C71-MAX($C$5:$C$76) -> -0.166 | F71: 322.3 | G71: -0.166 | H71: 322.3 | I71: -0.166
A72: E68 | B72: 355 | C72: 3883.225 | D72: =B72 -> 355 | E72: =C72-MAX($C$5:$C$76) -> -0.214 | F72: 327.3 | G72: -0.214
A73: E69 | B73: 360 | C73: 3883.439 | D73: =B73 -> 360 | E73: =C73-MAX($C$5:$C$76) -> 0 | F73: 332.2 | G73: 0
A74: E70 | B74: 365 | C74: 3883.2 | D74: =B74 -> 365 | E74: =C74-MAX($C$5:$C$76) -> -0.239 | F74: 337.2 | G74: -0.239
A75: E71 | B75: 370 | C75: 3882.701 | D75: =B75 -> 370 | E75: =C75-MAX($C$5:$C$76) -> -0.738 | F75: 342.2 | G75: -0.738
A76: E72 | B76: 375 | C76: 3882.802 | D76: =B76 -> 375 | E76: =C76-MAX($C$5:$C$76) -> -0.637 | F76: 347.2 | G76: -0.637

Sheet abra05
A1: G1 = E1 | B1: ERT | D1: ERT depth | F1: ERT true | M1: Make RST start with highest point at point 0 for PJI | R1: RST max= | S1: =MAX(J2:J27) -> -44.2
H2: offset | I2: =I3-7.5 -> -7.5 | J2: -68.9 | M2: RST final | P2: ERT final
A3: E1 | B3: 0 | C3: 0 | D3: =B3 -> 0 | E3: =C3-MAX(C3:C50) -> -68.9 | F3: 0 | G3: =E3 -> -68.9 | H3: G1 | I3: =F3 -> 0 | J3: =G3 -> -68.9 | M3: =I2 -> -7.5 | N3: =J2-$S$1 -> -24.7 | P3: =F3 -> 0 | Q3: =G3-$S$1 -> -24.7
A4: E2 | B4: 5 | C4: 0.4 | D4: =B4 -> 5 | E4: =C4-MAX($C$4:$C$51) -> -68.5 | F4: =F3+(SQRT((D4-D3)^2-(E4-E3)^2)) -> 4.9839743 | G4: =E4 -> -68.5 | H4: G2 | I4: =F4 -> 4.9839743 | J4: =G4 -> -68.5 | M4: =I3 -> 0 | N4: =J3-$S$1 -> -24.7 | P4: =F4 -> 4.9839743 | Q4: =G4-$S$1 -> -24.3
A5: E3 | B5: 10 | C5: 0.6 | D5: =B5 -> 10 | E5: =C5-MAX($C$4:$C$51) -> -68.3 | F5: =F4+(SQRT((D5-D4)^2-(E5-E4)^2)) -> 9.9799727 | G5: =E5 -> -68.3 | H5: G3 | I5: =F5 -> 9.9799727 | J5: =G5 -> -68.3 | M5: =I4 -> 4.9839743 | N5: =J4-$S$1 -> -24.3 | P5: =F5 -> 9.9799727 | Q5: =G5-$S$1 -> -24.1
A6: E4 | B6: 15 | C6: 0.9 | D6: =B6 -> 15 | E6: =C6-MAX($C$4:$C$51) -> -68 | F6: =F5+(SQRT((D6-D5)^2-(E6-E5)^2)) -> 14.970965 | G6: =E6 -> -68 | H6: G4 | I6: =F6 -> 14.970965 | J6: =G6 -> -68 | M6: =I5 -> 9.9799727 | N6: =J5-$S$1 -> -24.1 | P6: =F6 -> 14.970965 | Q6: =G6-$S$1 -> -23.8
A7: E5 | B7: 20 | C7: 1 | D7: =B7 -> 20 | E7: =C7-MAX($C$4:$C$51) -> -67.9 | F7: =F6+(SQRT((D7-D6)^2-(E7-E6)^2)) -> 19.969965 | G7: =E7 -> -67.9 | H7: G5 | I7: =F7 -> 19.969965 | J7: =G7 -> -67.9 | M7: =I6 -> 14.970965 | N7: =J6-$S$1 -> -23.8 | P7: =F7 -> 19.969965 | Q7: =G7-$S$1 -> -23.7
A8: E6 | B8: 25 | C8: 1.5 | D8: =B8 -> 25 | E8: =C8-MAX($C$4:$C$51) -> -67.4 | F8: =F7+(SQRT((D8-D7)^2-(E8-E7)^2)) -> 24.944902 | G8: =E8 -> -67.4 | H8: G6 | I8: =F8 -> 24.944902 | J8: =G8 -> -67.4 | M8: =I7 -> 19.969965 | N8: =J7-$S$1 -> -23.7 | P8: =F8 -> 24.944902 | Q8: =G8-$S$1 -> -23.2
A9: E7 | B9: 30 | C9: 2.1 | D9: =B9 -> 30 | E9: =C9-MAX($C$4:$C$51) -> -66.8 | F9: =F8+(SQRT((D9-D8)^2-(E9-E8)^2)) -> 29.908771 | G9: =E9 -> -66.8 | H9: G7 | I9: =F9 -> 29.908771 | J9: =G9 -> -66.8 | M9: =I8 -> 24.944902 | N9: =J8-$S$1 -> -23.2 | P9: =F9 -> 29.908771 | Q9: =G9-$S$1 -> -22.6
A10: E8 | B10: 35 | C10: 2.5 | D10: =B10 -> 35 | E10: =C10-MAX($C$4:$C$51) -> -66.4 | F10: =F9+(SQRT((D10-D9)^2-(E10-E9)^2)) -> 34.892745 | G10: =E10 -> -66.4 | H10: G8 | I10: =F10 -> 34.892745 | J10: =G10 -> -66.4 | M10: =I9 -> 29.908771 | N10: =J9-$S$1 -> -22.6 | P10: =F10 -> 34.892745 | Q10: =G10-$S$1 -> -22.2
A11: E9 | B11: 40 | C11: 3 | D11: =B11 -> 40 | E11: =C11-MAX($C$4:$C$51) -> -65.9 | F11: =F10+(SQRT((D11-D10)^2-(E11-E10)^2)) -> 39.867683 | G11: =E11 -> -65.9 | H11: G9 | I11: =F11 -> 39.867683 | J11: =G11 -> -65.9 | M11: =I10 -> 34.892745 | N11: =J10-$S$1 -> -22.2 | P11: =F11 -> 39.867683 | Q11: =G11-$S$1 -> -21.7
A12: E10 | B12: 45 | C12: 3.9 | D12: =B12 -> 45 | E12: =C12-MAX($C$4:$C$51) -> -65 | F12: =F11+(SQRT((D12-D11)^2-(E12-E11)^2)) -> 44.786016 | G12: =E12 -> -65 | H12: G10 | I12: =F12 -> 44.786016 | J12: =G12 -> -65 | M12: =I11 -> 39.867683 | N12: =J11-$S$1 -> -21.7 | P12: =F12 -> 44.786016 | Q12: =G12-$S$1 -> -20.8
A13: E11 | B13: 50 | C13: 4.6 | D13: =B13 -> 50 | E13: =C13-MAX($C$4:$C$51) -> -64.3 | F13: =F12+(SQRT((D13-D12)^2-(E13-E12)^2)) -> 49.736773 | G13: =E13 -> -64.3 | H13: G11 | I13: =F13 -> 49.736773 | J13: =G13 -> -64.3 | M13: =I12 -> 44.786016 | N13: =J12-$S$1 -> -20.8 | P13: =F13 -> 49.736773 | Q13: =G13-$S$1 -> -20.1
A14: E12 | B14: 55 | C14: 6.4 | D14: =B14 -> 55 | E14: =C14-MAX($C$4:$C$51) -> -62.5 | F14: =F13+(SQRT((D14-D13)^2-(E14-E13)^2)) -> 54.401535 | G14: =E14 -> -62.5 | H14: G12 | I14: =F14 -> 54.401535 | J14: =G14 -> -62.5 | M14: =I13 -> 49.736773 | N14: =J13-$S$1 -> -20.1 | P14: =F14 -> 54.401535 | Q14: =G14-$S$1 -> -18.3
A15: E13 | B15: 60 | C15: 8.2 | D15: =B15 -> 60 | E15: =C15-MAX($C$4:$C$51) -> -60.7 | F15: =F14+(SQRT((D15-D14)^2-(E15-E14)^2)) -> 59.066296 | G15: =E15 -> -60.7 | H15: G13 | I15: =F15 -> 59.066296 | J15: =G15 -> -60.7 | M15: =I14 -> 54.401535 | N15: =J14-$S$1 -> -18.3 | P15: =F15 -> 59.066296 | Q15: =G15-$S$1 -> -16.5
... A26: E24 | B26: 115 | C26: 23.5 | D26: =B26 -> 115 | E26: =C26-MAX($C$4:$C$51) -> -45.4 | F26: =F25+(SQRT((D26-D25)^2-(E26-E25)^2)) -> 111.86073 | G26: =E26 -> -45.4 | H26: G24 | I26: =F26 -> 111.86073 | J26: =G26 -> -45.4 | M26: =I25 -> 107.06073 | N26: =J25-$S$1 -> -2.6 | P26: =F26 -> 111.86073 | Q26: =G26-$S$1 -> -1.2
A27: E25 | B27: 120 | C27: 24.7 | D27: =B27 -> 120 | E27: =C27-MAX($C$4:$C$51) -> -44.2 | F27: =F26+(SQRT((D27-D26)^2-(E27-E26)^2)) -> 116.71459 | G27: =E27 -> -44.2 | H27: offset | I27: =I26+7.5 -> 119.36073 | J27: =G27 -> -44.2 | M27: =I26 -> 111.86073 | N27: =J26-$S$1 -> -1.2 | P27: =F27 -> 116.71459 | Q27: =G27-$S$1 -> 0
A28: E26 | B28: 125 | C28: 26.1 | D28: =B28 -> 125 | E28: =C28-MAX($C$4:$C$51) -> -42.8 | F28: =F27+(SQRT((D28-D27)^2-(E28-E27)^2)) -> 121.51459 | G28: =E28 -> -42.8 | M28: =I27 -> 119.36073 | N28: =J27-$S$1 -> 0 | P28: =F28 -> 121.51459 | Q28: =G28-$S$1 -> 1.4
A29: E27 | B29: 130 | C29: 27.8 | D29: =B29 -> 130 | E29: =C29-MAX($C$4:$C$51) -> -41.1 | F29: =F28+(SQRT((D29-D28)^2-(E29-E28)^2)) -> 126.21672 | G29: =E29 -> -41.1 | P29: =F29 -> 126.21672 | Q29: =G29-$S$1 -> 3.1
A30: E28 | B30: 135 | C30: 29.7 | D30: =B30 -> 135 | E30: =C30-MAX($C$4:$C$51) -> -39.2 | F30: =F29+(SQRT((D30-D29)^2-(E30-E29)^2)) -> 130.84165 | G30: =E30 -> -39.2 | P30: =F30 -> 130.84165 | Q30: =G30-$S$1 -> 5
A31: E29 | B31: 140 | C31: 31.6 | D31: =B31 -> 140 | E31: =C31-MAX($C$4:$C$51) -> -37.3 | F31: =F30+(SQRT((D31-D30)^2-(E31-E30)^2)) -> 135.46658 | G31: =E31 -> -37.3 | P31: =F31 -> 135.46658 | Q31: =G31-$S$1 -> 6.9
A32: E30 | B32: 145 | C32: 33.3 | D32: =B32 -> 145 | E32: =C32-MAX($C$4:$C$51) -> -35.6 | F32: =F31+(SQRT((D32-D31)^2-(E32-E31)^2)) -> 140.16871 | G32: =E32 -> -35.6 | P32: =F32 -> 140.16871 | Q32: =G32-$S$1 -> 8.6
A33: E31 | B33: 150 | C33: 34.7 | D33: =B33 -> 150 | E33: =C33-MAX($C$4:$C$51) -> -34.2 | F33: =F32+(SQRT((D33-D32)^2-(E33-E32)^2)) -> 144.96871 | G33: =E33 -> -34.2 | P33: =F33 -> 144.96871 | Q33: =G33-$S$1 -> 10
A34: E32 | B34: 155 | C34: 36.2 | D34: =B34 -> 155 | E34: =C34-MAX($C$4:$C$51) -> -32.7 | F34: =F33+(SQRT((D34-D33)^2-(E34-E33)^2)) -> 149.73841 | G34: =E34 -> -32.7 | P34: =F34 -> 149.73841 | Q34: =G34-$S$1 -> 11.5
A35: E33 | B35: 160 | C35: 37.6 | D35: =B35 -> 160 | E35: =C35-MAX($C$4:$C$51) -> -31.3 | F35: =F34+(SQRT((D35-D34)^2-(E35-E34)^2)) -> 154.53841 | G35: =E35 -> -31.3 | P35: =F35 -> 154.53841 | Q35: =G35-$S$1 -> 12.9
A36: E34 | B36: 165 | C36: 39.3 | D36: =B36 -> 165 | E36: =C36-MAX($C$4:$C$51) -> -29.6 | F36: =F35+(SQRT((D36-D35)^2-(E36-E35)^2)) -> 159.24053 | G36: =E36 -> -29.6 | P36: =F36 -> 159.24053 | Q36: =G36-$S$1 -> 14.6
A37: E35 | B37: 170 | C37: 40.8 | D37: =B37 -> 170 | E37: =C37-MAX($C$4:$C$51) -> -28.1 | F37: =F36+(SQRT((D37-D36)^2-(E37-E36)^2)) -> 164.01023 | G37: =E37 -> -28.1 | P37: =F37 -> 164.01023 | Q37: =G37-$S$1 -> 16.1
A38: E36 | B38: 175 | C38: 42.7 | D38: =B38 -> 175 | E38: =C38-MAX($C$4:$C$51) -> -26.2 | F38: =F37+(SQRT((D38-D37)^2-(E38-E37)^2)) -> 168.63516 | G38: =E38 -> -26.2 | P38: =F38 -> 168.63516 | Q38: =G38-$S$1 -> 18
A39: E37 | B39: 180 | C39: 44.6 | D39: =B39 -> 180 | E39: =C39-MAX($C$4:$C$51) -> -24.3 | F39: =F38+(SQRT((D39-D38)^2-(E39-E38)^2)) -> 173.26009 | G39: =E39 -> -24.3 | P39: =F39 -> 173.26009 | Q39: =G39-$S$1 -> 19.9
A40: E38 | B40: 185 | C40: 46.3 | D40: =B40 -> 185 | E40: =C40-MAX($C$4:$C$51) -> -22.6 | F40: =F39+(SQRT((D40-D39)^2-(E40-E39)^2)) -> 177.96222 | G40: =E40 -> -22.6 | P40: =F40 -> 177.96222 | Q40: =G40-$S$1 -> 21.6
... A50: E48 | B50: 235 | C50: 68.9 | D50: =B50 -> 235 | E50: =C50-MAX($C$4:$C$51) -> 0 | F50: =F49+(SQRT((D50-D49)^2-(E50-E49)^2)) -> 222.31805 | G50: =E50 -> 0 | P50: =F50 -> 222.31805 | Q50: =G50-$S$1 -> 44.2

Sheet abra03
A1: RST | E1: ERT
A2: =-7.5 -> -7.5 | B2: -0.5 | E2: 0 | F2: 0
A3: =-3.75 -> -3.75 | B3: -0.25 | E3: 4.9183331 | F3: -0.9
A4: 0 | B4: 0 | E4: 9.8366661 | F4: -1.8
A5: 2.45 | B5: -0.45 | E5: 14.754999 | F5: -2.7
A6: 4.9 | B6: -0.9 | E6: 19.673332 | F6: -3.6
A7: 7.35 | B7: -1.35 | E7: 24.572312 | F7: -4.6
A8: 9.8 | B8: -1.8 | E8: 29.507897 | F8: -5.4
A9: 12.3 | B9: -2.25 | E9: 34.458654 | F9: -6.1
A10: 14.8 | B10: -2.7 | E10: 39.394239 | F10: -6.9
A11: 17.25 | B11: -3.15 | E11: 44.312572 | F11: -7.8
A12: 19.7 | B12: -3.6 | E12: 49.211552 | F12: -8.8
A13: 22.15 | B13: -4.1 | E13: 54.195526 | F13: -9.2
A14: 24.6 | B14: -4.6 | E14: 59.170463 | F14: -9.7
A15: 27.05 | B15: -5 | E15: 63.998506 | F15: -11
... A88: 212.5 | B88: -30 | E88: 421.55955 | F88: -57.1
E89: 426.53449 | F89: -57.6
E90: 431.50942 | F90: -58.1
E91: 436.50042 | F91: -58.4
E92: 441.48439 | F92: -58.8
E93: 446.46836 | F93: -59.2
E94: 451.4433 | F94: -59.7
E95: 456.42728 | F95: -60.1
E96: 461.41125 | F96: -60.5
E97: 466.38619 | F97: -61

Sheet abra09
A1: abra09 | C1: G1 = E48
C3: ERT (original) | F3: RST | I3: RST (new)
A4: #ERT | B4: #GST | C4: x | D4: z | E4: z_depth | F4: x | G4: z_alt | H4: z_depth | I4: x | J4: z
A5: E1 | C5: 0 | D5: 3864.187 | E5: =D5-MAX(D5:D76) -> -31.563 | K5: =C5 -> 0 | L5: =E5 -> -31.563
A6: E2 | C6: 4.9942367 | D6: 3864.427 | E6: =D6-MAX(D6:D77) -> -31.323 | K6: =C6 -> 4.9942367 | L6: =E6 -> -31.323
A7: E3 | C7: 9.9596602 | D7: 3865.014 | E7: =D7-MAX(D7:D78) -> -30.736 | K7: =C7 -> 9.9596602 | L7: =E7 -> -30.736
A8: E4 | C8: 14.911122 | D8: 3865.709 | E8: =D8-MAX(D8:D79) -> -30.041 | K8: =C8 -> 14.911122 | L8: =E8 -> -30.041
A9: E5 | C9: 19.867371 | D9: 3866.369 | E9: =D9-MAX(D9:D80) -> -29.381 | K9: =C9 -> 19.867371 | L9: =E9 -> -29.381
A10: E6 | C10: 24.855592 | D10: 3866.712 | E10: =D10-MAX(D10:D81) -> -29.038 | K10: =C10 -> 24.855592 | L10: =E10 -> -29.038
A11: E7 | C11: 29.844953 | D11: 3867.038 | E11: =D11-MAX(D11:D82) -> -28.712 | K11: =C11 -> 29.844953 | L11: =E11 -> -28.712
A12: E8 | C12: 34.841417 | D12: 3866.85 | E12: =D12-MAX(D12:D83) -> -28.9 | K12: =C12 -> 34.841417 | L12: =E12 -> -28.9
A13: E9 | C13: 39.83773 | D13: 3866.658 | E13: =D13-MAX(D13:D84) -> -29.092 | K13: =C13 -> 39.83773 | L13: =E13 -> -29.092
A14: E10 | C14: 44.830965 | D14: 3866.398 | E14: =D14-MAX(D14:D85) -> -29.352 | K14: =C14 -> 44.830965 | L14: =E14 -> -29.352
A15: E11 | C15: 49.827831 | D15: 3866.221 | E15: =D15-MAX(D15:D86) -> -29.529 | K15: =C15 -> 49.827831 | L15: =E15 -> -29.529
A16: E12 | C16: 54.802466 | D16: 3865.718 | E16: =D16-MAX(D16:D87) -> -30.032 | K16: =C16 -> 54.802466 | L16: =E16 -> -30.032
... A50: E46 | C50: 222.97392 | D50: 3872.735 | E50: =D50-MAX(D50:D121) -> -23.015 | K50: =C50 -> 222.97392 | L50: =E50 -> -23.015
A51: E47 | B51: offset | C51: 227.85874 | D51: 3873.802 | E51: =D51-MAX(D51:D122) -> -21.948 | K51: =C51 -> 227.85874 | L51: =E51 -> -21.948
A52: E48 | B52: G1 | C52: 232.8469 | D52: 3874.146 | E52: =D52-MAX(D52:D123) -> -21.604 | F52: =C52 -> 232.8469 | G52: =D52 -> 3874.146 | H52: =E52 -> -21.604 | I52: =I53-7.5 -> 226.39925 | J52: -22 | K52: =C52 -> 232.8469 | L52: =E52 -> -21.604
A53: E49 | B53: G2 | C53: 233.89925 | D53: 3877.034 | E53: =D53-MAX(D53:D124) -> -18.716 | F53: =C53 -> 233.89925 | G53: =D53 -> 3877.034 | H53: =E53 -> -18.716 | I53: =F53 -> 233.89925 | J53: =H53 -> -18.716 | K53: =C53 -> 233.89925 | L53: =E53 -> -18.716
A54: E50 | B54: G3 | C54: 238.69397 | D54: 3880.452 | E54: =D54-MAX(D54:D125) -> -15.298 | F54: =C54 -> 238.69397 | G54: =D54 -> 3880.452 | H54: =E54 -> -15.298 | I54: =F54 -> 238.69397 | J54: =H54 -> -15.298 | K54: =C54 -> 238.69397 | L54: =E54 -> -15.298
A55: E51 | B55: G4 | C55: 243.52201 | D55: 3881.752 | E55: =D55-MAX(D55:D126) -> -13.998 | F55: =C55 -> 243.52201 | G55: =D55 -> 3881.752 | H55: =E55 -> -13.998 | I55: =F55 -> 243.52201 | J55: =H55 -> -13.998 | K55: =C55 -> 243.52201 | L55: =E55 -> -13.998
A56: E52 | B56: G5 | C56: 248.50946 | D56: 3882.106 | E56: =D56-MAX(D56:D127) -> -13.644 | F56: =C56 -> 248.50946 | G56: =D56 -> 3882.106 | H56: =E56 -> -13.644 | I56: =F56 -> 248.50946 | J56: =H56 -> -13.644 | K56: =C56 -> 248.50946 | L56: =E56 -> -13.644
A57: E53 | B57: G6 | C57: 253.45305 | D57: 3882.855 | E57: =D57-MAX(D57:D128) -> -12.895 | F57: =C57 -> 253.45305 | G57: =D57 -> 3882.855 | H57: =E57 -> -12.895 | I57: =F57 -> 253.45305 | J57: =H57 -> -12.895 | K57: =C57 -> 253.45305 | L57: =E57 -> -12.895
A58: E54 | B58: G7 | C58: 258.45088 | D58: 3883.002 | E58: =D58-MAX(D58:D129) -> -12.748 | F58: =C58 -> 258.45088 | G58: =D58 -> 3883.002 | H58: =E58 -> -12.748 | I58: =F58 -> 258.45088 | J58: =H58 -> -12.748 | K58: =C58 -> 258.45088 | L58: =E58 -> -12.748
A59: E55 | B59: G8 | C59: 263.34216 | D59: 3884.039 | E59: =D59-MAX(D59:D130) -> -11.711 | F59: =C59 -> 263.34216 | G59: =D59 -> 3884.039 | H59: =E59 -> -11.711 | I59: =F59 -> 263.34216 | J59: =H59 -> -11.711 | K59: =C59 -> 263.34216 | L59: =E59 -> -11.711
A60: E56 | B60: G9 | C60: 268.17289 | D60: 3885.329 | E60: =D60-MAX(D60:D131) -> -10.421 | F60: =C60 -> 268.17289 | G60: =D60 -> 3885.329 | H60: =E60 -> -10.421 | I60: =F60 -> 268.17289 | J60: =H60 -> -10.421 | K60: =C60 -> 268.17289 | L60: =E60 -> -10.421
A61: E57 | B61: G10 | C61: 273.13542 | D61: 3885.94 | E61: =D61-MAX(D61:D132) -> -9.81 | F61: =C61 -> 273.13542 | G61: =D61 -> 3885.94 | H61: =E61 -> -9.81 | I61: =F61 -> 273.13542 | J61: =H61 -> -9.81 | K61: =C61 -> 273.13542 | L61: =E61 -> -9.81
A62: E58 | B62: G11 | C62: 278.13507 | D62: 3885.999 | E62: =D62-MAX(D62:D133) -> -9.751 | F62: =C62 -> 278.13507 | G62: =D62 -> 3885.999 | H62: =E62 -> -9.751 | I62: =F62 -> 278.13507 | J62: =H62 -> -9.751 | K62: =C62 -> 278.13507 | L62: =E62 -> -9.751
A63: E59 | B63: G12 | C63: 282.29898 | D63: 3888.767 | E63: =D63-MAX(D63:D134) -> -6.983 | F63: =C63 -> 282.29898 | G63: =D63 -> 3888.767 | H63: =E63 -> -6.983 | I63: =F63 -> 282.29898 | J63: =H63 -> -6.983 | K63: =C63 -> 282.29898 | L63: =E63 -> -6.983
A64: E60 | B64: G13 | C64: 287.15604 | D64: 3889.954 | E64: =D64-MAX(D64:D135) -> -5.796 | F64: =C64 -> 287.15604 | G64: =D64 -> 3889.954 | H64: =E64 -> -5.796 | I64: =F64 -> 287.15604 | J64: =H64 -> -5.796 | K64: =C64 -> 287.15604 | L64: =E64 -> -5.796
... A75: E71 | B75: G24 | C75: 341.5695 | D75: 3895.74 | E75: =D75-MAX(D75:D146) -> -0.01 | F75: =C75 -> 341.5695 | G75: =D75 -> 3895.74 | H75: =E75 -> -0.01 | I75: =F75 -> 341.5695 | J75: =H75 -> -0.01 | K75: =C75 -> 341.5695 | L75: =E75 -> -0.01
A76: E72 | B76: offset | C76: 346.56949 | D76: 3895.75 | E76: =D76-MAX(D76:D147) -> 0 | H76: =E76 -> 0 | I76: =C76 -> 346.56949 | J76: =H76 -> 0 | K76: =C76 -> 346.56949 | L76: =E76 -> 0
I77: =I76+7.5 -> 354.06949 | J77: =H77 -> 0

Sheet abra10
A1: abra10 | C1: G1 = E1 | N1: Make max RST point = 0 | Q1: RST max = | R1: =MAX(J5:J30) -> -8.02
C3: ERT (original) | F3: RST | I3: RST (new) | N3: RST final | Q3: ERT final
A4: #ERT | B4: #GST | C4: x | D4: z | E4: z_depth | F4: x | G4: z_alt | H4: z_depth | I4: x | J4: z
B5: offset | F5: -7.5 | G5: =G6 -> 3799.55 | H5: =H6 -> -28.05 | I5: =F5 -> -7.5 | J5: =H5 -> -28.05 | N5: =I5 -> -7.5 | O5: =J5-$R$1 -> -20.03 | Q5: =C6 -> 0 | R5: =E6-$R$1 -> -20.03
A6: E1 | B6: G1 | C6: 0 | D6: 3799.55 | E6: =D6-MAX(D6:D53) -> -28.05 | F6: =C6 -> 0 | G6: =D6 -> 3799.55 | H6: =E6 -> -28.05 | I6: =F6 -> 0 | J6: =H6 -> -28.05 | K6: =C6 -> 0 | L6: =E6 -> -28.05 | N6: =I6 -> 0 | O6: =J6-$R$1 -> -20.03 | Q6: =C7 -> 4.9999964 | R6: =E7-$R$1 -> -20.02
A7: E2 | B7: G2 | C7: 4.9999964 | D7: 3799.56 | E7: =D7-MAX(D7:D54) -> -28.04 | F7: =C7 -> 4.9999964 | G7: =D7 -> 3799.56 | H7: =E7 -> -28.04 | I7: =F7 -> 4.9999964 | J7: =H7 -> -28.04 | K7: =C7 -> 4.9999964 | L7: =E7 -> -28.04 | N7: =I7 -> 4.9999964 | O7: =J7-$R$1 -> -20.02 | Q7: =C8 -> 9.8722516 | R7: =E8-$R$1 -> -18.9
A8: E3 | B8: G3 | C8: 9.8722516 | D8: 3800.68 | E8: =D8-MAX(D8:D55) -> -26.92 | F8: =C8 -> 9.8722516 | G8: =D8 -> 3800.68 | H8: =E8 -> -26.92 | I8: =F8 -> 9.8722516 | J8: =H8 -> -26.92 | K8: =C8 -> 9.8722516 | L8: =E8 -> -26.92 | N8: =I8 -> 9.8722516 | O8: =J8-$R$1 -> -18.9 | Q8: =C9 -> 14.736783 | R8: =E9-$R$1 -> -17.74
A9: E4 | B9: G4 | C9: 14.736783 | D9: 3801.84 | E9: =D9-MAX(D9:D56) -> -25.76 | F9: =C9 -> 14.736783 | G9: =D9 -> 3801.84 | H9: =E9 -> -25.76 | I9: =F9 -> 14.736783 | J9: =H9 -> -25.76 | K9: =C9 -> 14.736783 | L9: =E9 -> -25.76 | N9: =I9 -> 14.736783 | O9: =J9-$R$1 -> -17.74 | Q9: =C10 -> 19.654198 | R9: =E10-$R$1 -> -16.84
A10: E5 | B10: G5 | C10: 19.654198 | D10: 3802.74 | E10: =D10-MAX(D10:D57) -> -24.86 | F10: =C10 -> 19.654198 | G10: =D10 -> 3802.74 | H10: =E10 -> -24.86 | I10: =F10 -> 19.654198 | J10: =H10 -> -24.86 | K10: =C10 -> 19.654198 | L10: =E10 -> -24.86 | N10: =I10 -> 19.654198 | O10: =J10-$R$1 -> -16.84 | Q10: =C11 -> 24.474063 | R10: =E11-$R$1 -> -15.51
A11: E6 | B11: G6 | C11: 24.474063 | D11: 3804.07 | E11: =D11-MAX(D11:D58) -> -23.53 | F11: =C11 -> 24.474063 | G11: =D11 -> 3804.07 | H11: =E11 -> -23.53 | I11: =F11 -> 24.474063 | J11: =H11 -> -23.53 | K11: =C11 -> 24.474063 | L11: =E11 -> -23.53 | N11: =I11 -> 24.474063 | O11: =J11-$R$1 -> -15.51 | Q11: =C12 -> 29.387756 | R11: =E12-$R$1 -> -14.58
A12: E7 | B12: G7 | C12: 29.387756 | D12: 3805 | E12: =D12-MAX(D12:D59) -> -22.6 | F12: =C12 -> 29.387756 | G12: =D12 -> 3805 | H12: =E12 -> -22.6 | I12: =F12 -> 29.387756 | J12: =H12 -> -22.6 | K12: =C12 -> 29.387756 | L12: =E12 -> -22.6 | N12: =I12 -> 29.387756 | O12: =J12-$R$1 -> -14.58 | Q12: =C13 -> 34.305355 | R12: =E13-$R$1 -> -13.68
A13: E8 | B13: G8 | C13: 34.305355 | D13: 3805.9 | E13: =D13-MAX(D13:D60) -> -21.7 | F13: =C13 -> 34.305355 | G13: =D13 -> 3805.9 | H13: =E13 -> -21.7 | I13: =F13 -> 34.305355 | J13: =H13 -> -21.7 | K13: =C13 -> 34.305355 | L13: =E13 -> -21.7 | N13: =I13 -> 34.305355 | O13: =J13-$R$1 -> -13.68 | Q13: =C14 -> 39.125496 | R13: =E14-$R$1 -> -12.35
A14: E9 | B14: G9 | C14: 39.125496 | D14: 3807.23 | E14: =D14-MAX(D14:D61) -> -20.37 | F14: =C14 -> 39.125496 | G14: =D14 -> 3807.23 | H14: =E14 -> -20.37 | I14: =F14 -> 39.125496 | J14: =H14 -> -20.37 | K14: =C14 -> 39.125496 | L14: =E14 -> -20.37 | N14: =I14 -> 39.125496 | O14: =J14-$R$1 -> -12.35 | Q14: =C15 -> 44.06444 | R14: =E15-$R$1 -> -11.57
A15: E10 | B15: G10 | C15: 44.06444 | D15: 3808.01 | E15: =D15-MAX(D15:D62) -> -19.59 | F15: =C15 -> 44.06444 | G15: =D15 -> 3808.01 | H15: =E15 -> -19.59 | I15: =F15 -> 44.06444 | J15: =H15 -> -19.59 | K15: =C15 -> 44.06444 | L15: =E15 -> -19.59 | N15: =I15 -> 44.06444 | O15: =J15-$R$1 -> -11.57 | Q15: =C16 -> 48.641759 | R15: =E16-$R$1 -> -9.56
A16: E11 | B16: G11 | C16: 48.641759 | D16: 3810.02 | E16: =D16-MAX(D16:D63) -> -17.58 | F16: =C16 -> 48.641759 | G16: =D16 -> 3810.02 | H16: =E16 -> -17.58 | I16: =F16 -> 48.641759 | J16: =H16 -> -17.58 | K16: =C16 -> 48.641759 | L16: =E16 -> -17.58 | N16: =I16 -> 48.641759 | O16: =J16-$R$1 -> -9.56 | Q16: =C17 -> 53.594891 | R16: =E17-$R$1 -> -8.87
A17: E12 | B17: G12 | C17: 53.594891 | D17: 3810.71 | E17: =D17-MAX(D17:D64) -> -16.89 | F17: =C17 -> 53.594891 | G17: =D17 -> 3810.71 | H17: =E17 -> -16.89 | I17: =F17 -> 53.594891 | J17: =H17 -> -16.89 | K17: =C17 -> 53.594891 | L17: =E17 -> -16.89 | N17: =I17 -> 53.594891 | O17: =J17-$R$1 -> -8.87 | Q17: =C18 -> 58.56499 | R17: =E18-$R$1 -> -8.33
... A29: E24 | B29: G24 | C29: 112.82601 | D29: 3819.18 | E29: =D29-MAX(D29:D76) -> -8.42 | F29: =C29 -> 112.82601 | G29: =D29 -> 3819.18 | H29: =E29 -> -8.42 | I29: =F29 -> 112.82601 | J29: =H29 -> -8.42 | K29: =C29 -> 112.82601 | L29: =E29 -> -8.42 | N29: =I29 -> 112.82601 | O29: =J29-$R$1 -> -0.4 | Q29: =C30 -> 117.80933 | R29: =E30-$R$1 -> 0
A30: E25 | B30: offset | C30: 117.80933 | D30: 3819.58 | E30: =D30-MAX(D30:D77) -> -8.02 | F30: =F29+7.5 -> 120.32601 | G30: =D30 -> 3819.58 | H30: =E30 -> -8.02 | I30: =F30 -> 120.32601 | J30: =H30 -> -8.02 | K30: =C30 -> 117.80933 | L30: =E30 -> -8.02 | N30: =I30 -> 120.32601 | O30: =J30-$R$1 -> 0 | Q30: =C31 -> 122.72056 | R30: =E31-$R$1 -> 0.94
A31: E26 | C31: 122.72056 | D31: 3820.52 | E31: =D31-MAX(D31:D78) -> -7.08 | K31: =C31 -> 122.72056 | L31: =E31 -> -7.08 | Q31: =C32 -> 127.60031 | R31: =E32-$R$1 -> 2.03
A32: E27 | C32: 127.60031 | D32: 3821.61 | E32: =D32-MAX(D32:D79) -> -5.99 | K32: =C32 -> 127.60031 | L32: =E32 -> -5.99 | Q32: =C33 -> 132.49908 | R32: =E33-$R$1 -> 3.03
A33: E28 | C33: 132.49908 | D33: 3822.61 | E33: =D33-MAX(D33:D80) -> -4.99 | K33: =C33 -> 132.49908 | L33: =E33 -> -4.99 | Q33: =C34 -> 137.49547 | R33: =E34-$R$1 -> 3.22
A34: E29 | C34: 137.49547 | D34: 3822.8 | E34: =D34-MAX(D34:D81) -> -4.8 | K34: =C34 -> 137.49547 | L34: =E34 -> -4.8 | Q34: =C35 -> 142.4699 | R34: =E35-$R$1 -> 3.73
A35: E30 | C35: 142.4699 | D35: 3823.31 | E35: =D35-MAX(D35:D82) -> -4.29 | K35: =C35 -> 142.4699 | L35: =E35 -> -4.29 | Q35: =C36 -> 147.46618 | R35: =E36-$R$1 -> 3.92
A36: E31 | C36: 147.46618 | D36: 3823.5 | E36: =D36-MAX(D36:D83) -> -4.1 | K36: =C36 -> 147.46618 | L36: =E36 -> -4.1 | Q36: =C37 -> 152.46342 | R36: =E37-$R$1 -> 4.09
A37: E32 | C37: 152.46342 | D37: 3823.67 | E37: =D37-MAX(D37:D84) -> -3.93 | K37: =C37 -> 152.46342 | L37: =E37 -> -3.93 | Q37: =C38 -> 157.44642 | R37: =E38-$R$1 -> 4.5
A38: E33 | C38: 157.44642 | D38: 3824.08 | E38: =D38-MAX(D38:D85) -> -3.52 | K38: =C38 -> 157.44642 | L38: =E38 -> -3.52 | Q38: =C39 -> 162.44498 | R38: =E39-$R$1 -> 4.38
A39: E34 | C39: 162.44498 | D39: 3823.96 | E39: =D39-MAX(D39:D86) -> -3.64 | K39: =C39 -> 162.44498 | L39: =E39 -> -3.64 | Q39: =C40 -> 167.44493 | R39: =E40-$R$1 -> 4.36
A40: E35 | C40: 167.44493 | D40: 3823.94 | E40: =D40-MAX(D40:D87) -> -3.66 | K40: =C40 -> 167.44493 | L40: =E40 -> -3.66 | Q40: =C41 -> 172.44485 | R40: =E41-$R$1 -> 4.39
A41: E36 | C41: 172.44485 | D41: 3823.97 | E41: =D41-MAX(D41:D88) -> -3.63 | K41: =C41 -> 172.44485 | L41: =E41 -> -3.63 | Q41: =C42 -> 177.42875 | R41: =E42-$R$1 -> 4.79
A42: E37 | C42: 177.42875 | D42: 3824.37 | E42: =D42-MAX(D42:D89) -> -3.23 | K42: =C42 -> 177.42875 | L42: =E42 -> -3.23 | Q42: =C43 -> 182.42773 | R42: =E43-$R$1 -> 4.69
... A52: E47 | C52: 227.21622 | D52: 3827.1 | E52: =D52-MAX(D52:D99) -> -0.5 | K52: =C52 -> 227.21622 | L52: =E52 -> -0.5 | Q52: =C53 -> 232.19176 | R52: =E53-$R$1 -> 8.02
A53: E48 | C53: 232.19176 | D53: 3827.6 | E53: =D53-MAX(D53:D100) -> 0 | K53: =C53 -> 232.19176 | L53: =E53 -> 0

Sheet GOL01
A1: GOL01 | C1: G1 = E25 | D1: ERT = 5m spacing, RST = 2.5 m spacing
C3: ERT (original) | F3: RST | I3: RST (new)
A4: #ERT | B4: #GST | C4: x | D4: z | E4: z_depth | F4: x | G4: z_alt | H4: z_depth | I4: x | J4: z
A7: E1 | C7: 0 | D7: 3220.831 | E7: =D7-MAX(D7:D54) -> -23.55 | K7: =C7 -> 0 | L7: =E7 -> -23.55
A8: E2 | C8: 4.9963506 | D8: 3220.64 | E8: =D8-MAX(D8:D55) -> -23.741 | K8: =C8 -> 4.9963506 | L8: =E8 -> -23.741
A9: E3 | C9: 9.9958605 | D9: 3220.57 | E9: =D9-MAX(D9:D56) -> -23.811 | K9: =C9 -> 9.9958605 | L9: =E9 -> -23.811
A10: E4 | C10: 14.916915 | D10: 3221.455 | E10: =D10-MAX(D10:D57) -> -22.926 | K10: =C10 -> 14.916915 | L10: =E10 -> -22.926
A11: E5 | C11: 19.913491 | D11: 3221.27 | E11: =D11-MAX(D11:D58) -> -23.111 | K11: =C11 -> 19.913491 | L11: =E11 -> -23.111
A12: E6 | C12: 24.906464 | D12: 3221.535 | E12: =D12-MAX(D12:D59) -> -22.846 | K12: =C12 -> 24.906464 | L12: =E12 -> -22.846
A13: E7 | C13: 29.873175 | D13: 3222.111 | E13: =D13-MAX(D13:D60) -> -22.27 | K13: =C13 -> 29.873175 | L13: =E13 -> -22.27
A14: E8 | C14: 34.792784 | D14: 3223.004 | E14: =D14-MAX(D14:D61) -> -21.377 | K14: =C14 -> 34.792784 | L14: =E14 -> -21.377
A15: E9 | C15: 39.614301 | D15: 3224.328 | E15: =D15-MAX(D15:D62) -> -20.053 | K15: =C15 -> 39.614301 | L15: =E15 -> -20.053
A16: E10 | C16: 44.429163 | D16: 3225.676 | E16: =D16-MAX(D16:D63) -> -18.705 | K16: =C16 -> 44.429163 | L16: =E16 -> -18.705
A17: E11 | C17: 49.428687 | D17: 3225.607 | E17: =D17-MAX(D17:D64) -> -18.774 | K17: =C17 -> 49.428687 | L17: =E17 -> -18.774
A18: E12 | C18: 54.427687 | D18: 3225.707 | E18: =D18-MAX(D18:D65) -> -18.674 | K18: =C18 -> 54.427687 | L18: =E18 -> -18.674
... A28: E22 | C28: 103.27793 | D28: 3226.33 | E28: =D28-MAX(D28:D75) -> -18.051 | K28: =C28 -> 103.27793 | L28: =E28 -> -18.051
A29: E23 | B29: offset | C29: 108.17712 | D29: 3227.329 | E29: =D29-MAX(D29:D76) -> -17.052 | F29: 112.5 | G29: 3245.881 | H29: =E29 -> -17.052 | I29: =F29 -> 112.5 | J29: =H29 -> -17.052 | K29: =C29 -> 108.17712 | L29: =E29 -> -17.052
A30: E24 | B30: offset | C30: 113.06346 | D30: 3228.389 | E30: =D30-MAX(D30:D77) -> -15.992 | F30: 117.5 | G30: 3244.881 | H30: =E30 -> -15.992 | I30: =F30 -> 117.5 | J30: =H30 -> -15.992 | K30: =C30 -> 113.06346 | L30: =E30 -> -15.992
A31: E25 | B31: G1 | C31: 118.05789 | D31: 3228.625 | E31: =D31-MAX(D31:D78) -> -15.756 | F31: 120 | G31: 3244.381 | H31: =E31 -> -15.756 | I31: =F31 -> 120 | J31: =H31 -> -15.756 | K31: =C31 -> 118.05789 | L31: =E31 -> -15.756
A32: E26 | B32: G2 | C32: 122.91835 | D32: 3229.798 | E32: =D32-MAX(D32:D79) -> -14.583 | F32: =C32+((C33-C32)/2) -> 125.40733 | G32: 3243.012 | H32: =E32 -> -14.583 | I32: =F32 -> 125.40733 | J32: =H32 -> -14.583 | K32: =C32 -> 122.91835 | L32: =E32 -> -14.583
A33: E27 | B33: G3 | C33: 127.89631 | D33: 3230.267 | E33: =D33-MAX(D33:D80) -> -14.114 | F33: =C33 -> 127.89631 | G33: 3241.326 | H33: =E33 -> -14.114 | I33: =F33 -> 127.89631 | J33: =H33 -> -14.114 | K33: =C33 -> 127.89631 | L33: =E33 -> -14.114
A34: E28 | B34: G4 | C34: 132.82844 | D34: 3231.088 | E34: =D34-MAX(D34:D81) -> -13.293 | F34: =C34+((C35-C34)/2)-0.5 -> 134.74802 | G34: 3239.598 | H34: =E34 -> -13.293 | I34: =F34 -> 134.74802 | J34: =H34 -> -13.293 | K34: =C34 -> 132.82844 | L34: =E34 -> -13.293
A35: E29 | B35: G5 | C35: 137.6676 | D35: 3229.83 | E35: =D35-MAX(D35:D82) -> -14.551 | F35: =C35 -> 137.6676 | G35: 3239.666 | H35: =E35 -> -14.551 | I35: =F35 -> 137.6676 | J35: =H35 -> -14.551 | K35: =C35 -> 137.6676 | L35: =E35 -> -14.551
A36: E30 | B36: G6 | C36: 142.63302 | D36: 3230.417 | E36: =D36-MAX(D36:D83) -> -13.964 | F36: =C36+((C37-C36)/2) -> 144.88579 | G36: 3239.1 | H36: =E36 -> -13.964 | I36: =F36 -> 144.88579 | J36: =H36 -> -13.964 | K36: =C36 -> 142.63302 | L36: =E36 -> -13.964
A37: E31 | B37: G7 | C37: 147.13855 | D37: 3232.585 | E37: =D37-MAX(D37:D84) -> -11.796 | F37: =C37 -> 147.13855 | G37: 3238.859 | H37: =E37 -> -11.796 | I37: =F37 -> 147.13855 | J37: =H37 -> -11.796 | K37: =C37 -> 147.13855 | L37: =E37 -> -11.796
A38: E32 | B38: G8 | C38: 152.13796 | D38: 3232.508 | E38: =D38-MAX(D38:D85) -> -11.873 | F38: =C38+((C39-C38)/2) -> 154.602 | G38: 3237.75 | H38: =E38 -> -11.873 | I38: =F38 -> 154.602 | J38: =H38 -> -11.873 | K38: =C38 -> 152.13796 | L38: =E38 -> -11.873
A39: E33 | B39: G9 | C39: 157.06604 | D39: 3233.353 | E39: =D39-MAX(D39:D86) -> -11.028 | F39: =C39 -> 157.06604 | G39: 3237.58 | H39: =E39 -> -11.028 | I39: =F39 -> 157.06604 | J39: =H39 -> -11.028 | K39: =C39 -> 157.06604 | L39: =E39 -> -11.028
A40: E34 | B40: G10 | C40: 161.96664 | D40: 3234.345 | E40: =D40-MAX(D40:D87) -> -10.036 | F40: =C40+((C41-C40)/2) -> 164.45883 | G40: 3237.533 | H40: =E40 -> -10.036 | I40: =F40 -> 164.45883 | J40: =H40 -> -10.036 | K40: =C40 -> 161.96664 | L40: =E40 -> -10.036
A41: E35 | B41: G11 | C41: 166.95102 | D41: 3234.74 | E41: =D41-MAX(D41:D88) -> -9.641 | F41: =C41 -> 166.95102 | G41: 3237.223 | H41: =E41 -> -9.641 | I41: =F41 -> 166.95102 | J41: =H41 -> -9.641 | K41: =C41 -> 166.95102 | L41: =E41 -> -9.641
A42: E36 | B42: G12 | C42: 171.78809 | D42: 3236.006 | E42: =D42-MAX(D42:D89) -> -8.375 | F42: =C42+((C43-C42)/2) -> 174.28733 | G42: 3236.129 | H42: =E42 -> -8.375 | I42: =F42 -> 174.28733 | J42: =H42 -> -8.375 | K42: =C42 -> 171.78809 | L42: =E42 -> -8.375
A43: E37 | B43: G13 | C43: 176.78657 | D43: 3236.129 | E43: =D43-MAX(D43:D90) -> -8.252 | F43: =C43 -> 176.78657 | G43: 3236.006 | H43: =E43 -> -8.252 | I43: =F43 -> 176.78657 | J43: =H43 -> -8.252 | K43: =C43 -> 176.78657 | L43: =E43 -> -8.252
A44: E38 | B44: G14 | C44: 181.66542 | D44: 3237.223 | E44: =D44-MAX(D44:D91) -> -7.158 | F44: =C44+((C45-C44)/2) -> 184.16061 | G44: 3234.74 | H44: =E44 -> -7.158 | I44: =F44 -> 184.16061 | J44: =H44 -> -7.158 | K44: =C44 -> 181.66542 | L44: =E44 -> -7.158
A45: E39 | B45: G15 | C45: 186.6558 | D45: 3237.533 | E45: =D45-MAX(D45:D92) -> -6.848 | F45: =C45 -> 186.6558 | G45: 3234.345 | H45: =E45 -> -6.848 | I45: =F45 -> 186.6558 | J45: =H45 -> -6.848 | K45: =C45 -> 186.6558 | L45: =E45 -> -6.848
A46: E40 | B46: G16 | C46: 191.65558 | D46: 3237.58 | E46: =D46-MAX(D46:D93) -> -6.801 | F46: =C46+((C47-C46)/2) -> 194.15414 | G46: 3233.353 | H46: =E46 -> -6.801 | I46: =F46 -> 194.15414 | J46: =H46 -> -6.801 | K46: =C46 -> 191.65558 | L46: =E46 -> -6.801
A47: E41 | B47: G17 | C47: 196.65269 | D47: 3237.75 | E47: =D47-MAX(D47:D94) -> -6.631 | F47: =C47 -> 196.65269 | G47: 3232.508 | H47: =E47 -> -6.631 | I47: =F47 -> 196.65269 | J47: =H47 -> -6.631 | K47: =C47 -> 196.65269 | L47: =E47 -> -6.631
A48: E42 | B48: G18 | C48: 201.52815 | D48: 3238.859 | E48: =D48-MAX(D48:D95) -> -5.522 | F48: =C48+((C49-C48)/2) -> 204.02525 | G48: 3232.585 | H48: =E48 -> -5.522 | I48: =F48 -> 204.02525 | J48: =H48 -> -5.522 | K48: =C48 -> 201.52815 | L48: =E48 -> -5.522
A49: E43 | B49: G19 | C49: 206.52234 | D49: 3239.1 | E49: =D49-MAX(D49:D96) -> -5.281 | F49: =C49 -> 206.52234 | G49: 3230.417 | H49: =E49 -> -5.281 | I49: =F49 -> 206.52234 | J49: =H49 -> -5.281 | K49: =C49 -> 206.52234 | L49: =E49 -> -5.281
A50: E44 | B50: G20 | C50: 211.4902 | D50: 3239.666 | E50: =D50-MAX(D50:D97) -> -4.715 | F50: =C50+((C51-C50)/2) -> 213.98997 | G50: 3229.83 | H50: =E50 -> -4.715 | I50: =F50 -> 213.98997 | J50: =H50 -> -4.715 | K50: =C50 -> 211.4902 | L50: =E50 -> -4.715
A51: E45 | B51: G21 | C51: 216.48974 | D51: 3239.598 | E51: =D51-MAX(D51:D98) -> -4.783 | F51: =C51 -> 216.48974 | G51: 3231.088 | H51: =E51 -> -4.783 | I51: =F51 -> 216.48974 | J51: =H51 -> -4.783 | K51: =C51 -> 216.48974 | L51: =E51 -> -4.783
A52: E46 | B52: G22 | C52: 221.18165 | D52: 3241.326 | E52: =D52-MAX(D52:D99) -> -3.055 | F52: =C52+((C53-C52)/2) -> 223.53523 | G52: 3230.267 | H52: =E52 -> -3.055 | I52: =F52 -> 223.53523 | J52: =H52 -> -3.055 | K52: =C52 -> 221.18165 | L52: =E52 -> -3.055
A53: E47 | B53: G23 | C53: 225.88881 | D53: 3243.012 | E53: =D53-MAX(D53:D100) -> -1.369 | F53: =C53 -> 225.88881 | G53: 3229.798 | H53: =E53 -> -1.369 | I53: =F53 -> 225.88881 | J53: =H53 -> -1.369 | K53: =C53 -> 225.88881 | L53: =E53 -> -1.369
A54: E48 | B54: G24 | C54: 230.69775 | D54: 3244.381 | E54: =D54-MAX(D54:D101) -> 0 | F54: =C54+((C55-C54)/2) -> 232.84887 | G54: 3228.625 | H54: =E54 -> 0 | I54: =F54 -> 232.84887 | J54: =H54 -> 0 | K54: =C54 -> 230.69775 | L54: =E54 -> 0
C55: 235 | D55: 3244.381 | F55: =C55 -> 235 | G55: 3228.125 | H55: =E55 -> 0 | I55: =F55 -> 235 | J55: 1 | K55: =C55 -> 235 | L55: =E55 -> 0
F56: =F54+7.5 -> 240.34887 | G56: 3227.625 | H56: =E56 -> 0 | I56: =F56 -> 240.34887 | J56: 2 | L56: =E56 -> 0

Sheet GOL01_new
A1: Electrode | B1: x | C1: altitude | D1: x_rst | E1: altitude_rst | G1: x | H1: depth | I1: x | J1: depth | N1: RST_max | O1: =MAX(J24:J51) -> -7.158
A2: E1 | B2: 0 | C2: 3220.831 | G2: =B2 -> 0 | H2: =C2-MAX(C2:C49) -> -23.55 | N2: RST | Q2: ERT
A3: E2 | B3: 5 | C3: 3220.64 | G3: =B3 -> 5 | H3: =C3-MAX(C3:C50) -> -23.741 | N3: 112.5 | O3: -9.44 | Q3: =G2 -> 0 | R3: =H2-$O$1 -> -16.392
A4: E3 | B4: 10 | C4: 3220.57 | G4: =B4 -> 10 | H4: =C4-MAX(C4:C51) -> -23.811 | N4: 113.75 | O4: -9.14 | Q4: =G3 -> 5 | R4: =H3-$O$1 -> -16.583
A5: E4 | B5: 15 | C5: 3221.455 | G5: =B5 -> 15 | H5: =C5-MAX(C5:C52) -> -22.926 | N5: 115 | O5: -8.83 | Q5: =G4 -> 10 | R5: =H4-$O$1 -> -16.653
A6: E5 | B6: 20 | C6: 3221.27 | G6: =B6 -> 20 | H6: =C6-MAX(C6:C53) -> -23.111 | N6: 117.5 | O6: -8.71 | Q6: =G5 -> 15 | R6: =H5-$O$1 -> -15.768
A7: E6 | B7: 25 | C7: 3221.535 | G7: =B7 -> 25 | H7: =C7-MAX(C7:C54) -> -22.846 | N7: 120 | O7: -8.6 | Q7: =G6 -> 20 | R7: =H6-$O$1 -> -15.953
A8: E7 | B8: 30 | C8: 3222.111 | G8: =B8 -> 30 | H8: =C8-MAX(C8:C55) -> -22.27 | N8: 121.25 | O8: -8.3 | Q8: =G7 -> 25 | R8: =H7-$O$1 -> -15.688
A9: E8 | B9: 35 | C9: 3223.004 | G9: =B9 -> 35 | H9: =C9-MAX(C9:C56) -> -21.377 | N9: 122.5 | O9: -8.01 | Q9: =G8 -> 30 | R9: =H8-$O$1 -> -15.112
A10: E9 | B10: 40 | C10: 3224.328 | G10: =B10 -> 40 | H10: =C10-MAX(C10:C57) -> -20.053 | N10: 123.75 | O10: -7.72 | Q10: =G9 -> 35 | R10: =H9-$O$1 -> -14.219
A11: E10 | B11: 45 | C11: 3225.676 | G11: =B11 -> 45 | H11: =C11-MAX(C11:C58) -> -18.705 | N11: 125 | O11: -7.42 | Q11: =G10 -> 40 | R11: =H10-$O$1 -> -12.895
A12: E11 | B12: 50 | C12: 3225.607 | G12: =B12 -> 50 | H12: =C12-MAX(C12:C59) -> -18.774 | N12: 126.25 | O12: -7.31 | Q12: =G11 -> 45 | R12: =H11-$O$1 -> -11.547
A13: E12 | B13: 55 | C13: 3225.707 | G13: =B13 -> 55 | H13: =C13-MAX(C13:C60) -> -18.674 | N13: 127.5 | O13: -7.19 | Q13: =G12 -> 50 | R13: =H12-$O$1 -> -11.616
A14: E13 | B14: 60 | C14: 3224.435 | G14: =B14 -> 60 | H14: =C14-MAX(C14:C61) -> -19.946 | N14: 128.75 | O14: -7.07 | Q14: =G13 -> 55 | R14: =H13-$O$1 -> -11.516
... A23: E22 | B23: 105 | C23: 3226.33 | G23: =B23 -> 105 | H23: =C23-MAX(C23:C70) -> -18.051 | N23: 140 | O23: -7.39 | Q23: =G22 -> 100 | R23: =H22-$O$1 -> -10.83
A24: E23 | B24: 110 | C24: 3227.329 | G24: =B24 -> 110 | H24: =C24-MAX(C24:C71) -> -17.052 | I24: 112.5 | J24: -16.6 | N24: 141.25 | O24: -7.24 | Q24: =G23 -> 105 | R24: =H23-$O$1 -> -10.893
A25: E24 | B25: 115 | C25: 3228.389 | G25: =B25 -> 115 | H25: =C25-MAX(C25:C72) -> -15.992 | I25: 115 | J25: =H25 -> -15.992 | N25: 142.5 | O25: -7.1 | Q25: =G24 -> 110 | R25: =H24-$O$1 -> -9.894
A26: E25 | B26: 120 | C26: 3228.625 | D26: =B26+0 -> 120 | E26: 3235.891 | F26: =C26 -> 3228.625 | G26: =B26 -> 120 | H26: =C26-MAX(C26:C73) -> -15.756 | I26: =D26 -> 120 | J26: =F26-MAX(C2:C49) -> -15.756 | N26: 143.75 | O26: -6.95 | Q26: =G25 -> 115 | R26: =H25-$O$1 -> -8.834
A27: E26 | B27: 125 | C27: 3229.798 | D27: =D26+2.5 -> 122.5 | E27: 3236.373 | F27: =(F26+F28)/2 -> 3229.2115 | G27: =B27 -> 125 | H27: =C27-MAX(C27:C74) -> -14.583 | I27: =D27 -> 122.5 | J27: =F27-MAX(C3:C50) -> -15.1695 | N27: 145 | O27: -6.8 | Q27: =G26 -> 120 | R27: =H26-$O$1 -> -8.598
A28: E27 | B28: 130 | C28: 3230.267 | D28: =D27+2.5 -> 125 | E28: 3236.855 | F28: =C27 -> 3229.798 | G28: =B28 -> 130 | H28: =C28-MAX(C28:C75) -> -14.114 | I28: =D28 -> 125 | J28: =F28-MAX(C4:C51) -> -14.583 | N28: 146.25 | O28: -6.26 | Q28: =G27 -> 125 | R28: =H27-$O$1 -> -7.425
A29: E28 | B29: 135 | C29: 3231.088 | D29: =D28+2.5 -> 127.5 | E29: 3237.135 | F29: =(F28+F30)/2 -> 3230.0325 | G29: =B29 -> 135 | H29: =C29-MAX(C29:C76) -> -13.293 | I29: =D29 -> 127.5 | J29: =F29-MAX(C5:C52) -> -14.3485 | N29: 147.5 | O29: -5.72 | Q29: =G28 -> 130 | R29: =H28-$O$1 -> -6.956
A30: E29 | B30: 140 | C30: 3229.83 | D30: =D29+2.5 -> 130 | E30: 3237.753 | F30: =C28 -> 3230.267 | G30: =B30 -> 140 | H30: =C30-MAX(C30:C77) -> -14.551 | I30: =D30 -> 130 | J30: =F30-MAX(C6:C53) -> -14.114 | N30: 148.75 | O30: -5.18 | Q30: =G29 -> 135 | R30: -6.25
A31: E30 | B31: 145 | C31: 3230.417 | D31: =D30+2.5 -> 132.5 | E31: 3237.924 | F31: =(F30+F32)/2 -> 3230.6775 | G31: =B31 -> 145 | H31: =C31-MAX(C31:C78) -> -13.964 | I31: =D31 -> 132.5 | J31: =F31-MAX(C7:C54) -> -13.7035 | N31: 150 | O31: -4.64 | Q31: =G30 -> 140 | R31: =H30-$O$1 -> -7.393
A32: E31 | B32: 150 | C32: 3232.585 | D32: =D31+2.5 -> 135 | E32: 3238.009 | F32: =C29 -> 3231.088 | G32: =B32 -> 150 | H32: =C32-MAX(C32:C79) -> -11.796 | I32: =D32 -> 135 | J32: =F32-MAX(C8:C55) -> -13.293 | N32: 151.25 | O32: -4.66 | Q32: =G31 -> 145 | R32: =H31-$O$1 -> -6.806
A33: E32 | B33: 155 | C33: 3232.508 | D33: =D32+2.5 -> 137.5 | E33: 3237.699 | F33: =(F32+F34)/2 -> 3230.459 | G33: =B33 -> 155 | H33: =C33-MAX(C33:C80) -> -11.873 | I33: =D33 -> 137.5 | J33: =F33-MAX(C9:C56) -> -13.922 | N33: 152.5 | O33: -4.67 | Q33: =G32 -> 150 | R33: =H32-$O$1 -> -4.638
A34: E33 | B34: 160 | C34: 3233.353 | D34: =D33+2.5 -> 140 | E34: 3237.218 | F34: =C30 -> 3229.83 | G34: =B34 -> 160 | H34: =C34-MAX(C34:C81) -> -11.028 | I34: =D34 -> 140 | J34: =F34-MAX(C10:C57) -> -14.551 | N34: 153.75 | O34: -4.69 | Q34: =G33 -> 155 | R34: =H33-$O$1 -> -4.715
A35: E34 | B35: 165 | C35: 3234.345 | D35: =D34+2.5 -> 142.5 | E35: 3237.592 | F35: =(F34+F36)/2 -> 3230.1235 | G35: =B35 -> 165 | H35: =C35-MAX(C35:C82) -> -10.036 | I35: =D35 -> 142.5 | J35: =F35-MAX(C11:C58) -> -14.2575 | N35: 155 | O35: -4.71 | Q35: =G34 -> 160 | R35: =H34-$O$1 -> -3.87
A36: E35 | B36: 170 | C36: 3234.74 | D36: =D35+2.5 -> 145 | E36: 3238.583 | F36: =C31 -> 3230.417 | G36: =B36 -> 170 | H36: =C36-MAX(C36:C83) -> -9.641 | I36: =D36 -> 145 | J36: =F36-MAX(C12:C59) -> -13.964 | N36: 156.25 | O36: -4.5 | Q36: =G35 -> 165 | R36: =H35-$O$1 -> -2.878
A37: E36 | B37: 175 | C37: 3236.006 | D37: =D36+2.5 -> 147.5 | E37: 3239.069 | F37: =(F36+F38)/2 -> 3231.501 | G37: =B37 -> 175 | H37: =C37-MAX(C37:C84) -> -8.375 | I37: =D37 -> 147.5 | J37: =F37-MAX(C13:C60) -> -12.88 | N37: 157.5 | O37: -4.29 | Q37: =G36 -> 170 | R37: =H36-$O$1 -> -2.483
A38: E37 | B38: 180 | C38: 3236.129 | D38: =D37+2.5 -> 150 | E38: 3239.015 | F38: =C32 -> 3232.585 | G38: =B38 -> 180 | H38: =C38-MAX(C38:C85) -> -8.252 | I38: =D38 -> 150 | J38: =F38-MAX(C14:C61) -> -11.796 | N38: 158.75 | O38: -4.08 | Q38: =G37 -> 175 | R38: =H37-$O$1 -> -1.217
A39: E38 | B39: 185 | C39: 3237.223 | D39: =D38+2.5 -> 152.5 | E39: 3239.221 | F39: =(F38+F40)/2 -> 3232.5465 | G39: =B39 -> 185 | H39: =C39-MAX(C39:C86) -> -7.158 | I39: =D39 -> 152.5 | J39: =F39-MAX(C15:C62) -> -11.8345 | N39: 160 | O39: -3.87 | Q39: =G38 -> 180 | R39: =H38-$O$1 -> -1.094
A40: E39 | B40: 190 | C40: 3237.533 | D40: =D39+2.5 -> 155 | E40: 3239.696 | F40: =C33 -> 3232.508 | G40: =B40 -> 190 | H40: =C40-MAX(C40:C87) -> -6.848 | I40: =D40 -> 155 | J40: =F40-MAX(C16:C63) -> -11.873 | N40: 161.25 | O40: -3.62 | Q40: =G39 -> 185 | R40: =H39-$O$1 -> 0
A41: E40 | B41: 195 | C41: 3237.58 | D41: =D40+2.5 -> 157.5 | E41: 3239.792 | F41: =(F40+F42)/2 -> 3232.9305 | G41: =B41 -> 195 | H41: =C41-MAX(C41:C88) -> -6.801 | I41: =D41 -> 157.5 | J41: =F41-MAX(C17:C64) -> -11.4505 | N41: 162.5 | O41: -3.37 | Q41: =G40 -> 190 | R41: =H40-$O$1 -> 0.31
A42: E41 | B42: 200 | C42: 3237.75 | D42: =D41+2.5 -> 160 | E42: 3239.912 | F42: =C34 -> 3233.353 | G42: =B42 -> 200 | H42: =C42-MAX(C42:C89) -> -6.631 | I42: =D42 -> 160 | J42: =F42-MAX(C18:C65) -> -11.028 | N42: 163.75 | O42: -3.12 | Q42: =G41 -> 195 | R42: =H41-$O$1 -> 0.357
A43: E42 | B43: 205 | C43: 3238.859 | D43: =D42+2.5 -> 162.5 | E43: 3240.366 | F43: =(F42+F44)/2 -> 3233.849 | G43: =B43 -> 205 | H43: =C43-MAX(C43:C90) -> -5.522 | I43: =D43 -> 162.5 | J43: =F43-MAX(C19:C66) -> -10.532 | N43: 165 | O43: -2.88 | Q43: =G42 -> 200 | R43: =H42-$O$1 -> 0.527
A44: E43 | B44: 210 | C44: 3239.1 | D44: =D43+2.5 -> 165 | E44: 3240.169 | F44: =C35 -> 3234.345 | G44: =B44 -> 210 | H44: =C44-MAX(C44:C91) -> -5.281 | I44: =D44 -> 165 | J44: =F44-MAX(C20:C67) -> -10.036 | N44: 166.25 | O44: -2.78 | Q44: =G43 -> 205 | R44: =H43-$O$1 -> 1.636
A45: E44 | B45: 215 | C45: 3239.666 | D45: =D44+2.5 -> 167.5 | E45: 3241.697 | F45: =(F44+F46)/2 -> 3234.5425 | G45: =B45 -> 215 | H45: =C45-MAX(C45:C92) -> -4.715 | I45: =D45 -> 167.5 | J45: =F45-MAX(C21:C68) -> -9.8385 | N45: 167.5 | O45: -2.68 | Q45: =G44 -> 210 | R45: =H44-$O$1 -> 1.877
A46: E45 | B46: 220 | C46: 3239.598 | D46: =D45+2.5 -> 170 | E46: 3242.205 | F46: =C36 -> 3234.74 | G46: =B46 -> 220 | H46: =C46-MAX(C46:C93) -> -4.783 | I46: =D46 -> 170 | J46: =F46-MAX(C22:C69) -> -9.641 | N46: 168.75 | O46: -2.58 | Q46: =G45 -> 215 | R46: =H45-$O$1 -> 2.443
A47: E46 | B47: 225 | C47: 3241.326 | D47: =D46+2.5 -> 172.5 | E47: 3242.903 | F47: =(F46+F48)/2 -> 3235.373 | G47: =B47 -> 225 | H47: =C47-MAX(C47:C94) -> -3.055 | I47: =D47 -> 172.5 | J47: =F47-MAX(C23:C70) -> -9.008 | N47: 170 | O47: -2.48 | Q47: =G46 -> 220 | R47: =H46-$O$1 -> 2.375
A48: E47 | B48: 230 | C48: 3243.012 | D48: =D47+2.5 -> 175 | E48: 3243.705 | F48: =C37 -> 3236.006 | G48: =B48 -> 230 | H48: =C48-MAX(C48:C95) -> -1.369 | I48: =D48 -> 175 | J48: =F48-MAX(C24:C71) -> -8.375 | N48: 171.25 | O48: -2.16 | Q48: =G47 -> 225 | R48: =H47-$O$1 -> 4.103
A49: E48 | B49: 235 | C49: 3244.381 | D49: =D48+2.5 -> 177.5 | E49: 3244.388 | F49: =(C37+C38)/2 -> 3236.0675 | G49: =B49 -> 235 | H49: =C49-MAX(C49:C96) -> 0 | I49: =D49 -> 177.5 | J49: =F49-MAX(C25:C72) -> -8.3135 | N49: 172.5 | O49: -1.85 | Q49: =G48 -> 230 | R49: =H48-$O$1 -> 5.789
I50: 185 | J50: -7.31 | N50: 173.75 | O50: -1.53 | Q50: =G49 -> 235 | R50: =H49-$O$1 -> 7.158
I51: 185 | J51: =H39 -> -7.158 | N51: 175 | O51: -1.22
N52: 176.25 | O52: -1.18
N53: 177.5 | O53: -1.15
N54: 181.25 | O54: -0.65
N55: 185 | O55: -0.15
N56: 187 | O56: -0.07
N57: 189 | O57: 0

Sheet GOL07ab
A1: GOL07ab | C1: G1 = E1 | T1: RST_max = 0 | V1: RST_max = | W1: =MAX(K5:K48) -> 0
C3: ERT (original) | G3: RST | J3: RST (new) | T3: RST smooth | W3: ERT smooth
A4: #ERT | B4: #GST | C4: x | D4: z | E4: x | F4: z_depth | G4: x | H4: z_alt | I4: z_depth | J4: x | K4: z | O4: GOL07a only | Q4: GOL07b only
H5: -7.5 | I5: 0 | J5: =H5 -> -7.5 | K5: =I5 -> 0 | L5: -7.5 | M5: 3192.405 | N5: =M5-D6 -> 0 | O5: -7.5 | P5: =K5 -> 0 | T5: =J5 -> -7.5 | U5: =K5 -> 0
A6: E1 | B6: G1 | C6: 0 | D6: =M5 -> 3192.405 | E6: =C6 -> 0 | F6: =D6-MAX($D$6:$D$125) -> 0 | G6: =D6 -> 3192.405 | H6: =C6 -> 0 | I6: =F6 -> 0 | J6: =H6 -> 0 | K6: =I6 -> 0 | L6: 0 | M6: 3192.405 | N6: =M6-D7 -> 0 | O6: 0 | P6: =K6 -> 0 | T6: =J6 -> 0 | U6: =K6 -> 0 | W6: 0 | X6: 0
A7: E2 | B7: G2 | C7: 4.9555802 | D7: =M6 -> 3192.405 | E7: =C7 -> 4.9555802 | F7: =D7-MAX($D$6:$D$125) -> 0 | G7: =D7 -> 3192.405 | H7: =C7 -> 4.9555802 | I7: =F7 -> 0 | J7: =H7 -> 4.9555802 | K7: =I7 -> 0 | L7: 5 | M7: 3191.74 | N7: =M7-D8 -> 0 | O7: 5 | P7: =K7 -> 0 | T7: =J7 -> 4.9555802 | U7: =K7 -> 0 | W7: 4.9555802 | X7: 0
A8: E3 | B8: G3 | C8: 9.9518152 | D8: =M7 -> 3191.74 | E8: =C8 -> 9.9518152 | F8: =D8-MAX($D$6:$D$125) -> -0.665 | G8: =D8 -> 3191.74 | H8: =C8 -> 9.9518152 | I8: =F8 -> -0.665 | J8: =H8 -> 9.9518152 | K8: =I8 -> -0.665 | L8: 10 | M8: 3191.546 | N8: =M8-D9 -> 0 | O8: 10 | P8: =K8 -> -0.665 | T8: =J8 -> 9.9518152 | U8: =K8 -> -0.665 | W8: 9.9518152 | X8: -0.665
A9: E4 | B9: G4 | C9: 14.951814 | D9: =M8 -> 3191.546 | E9: =C9 -> 14.951814 | F9: =D9-MAX($D$6:$D$125) -> -0.859 | G9: =D9 -> 3191.546 | H9: =C9 -> 14.951814 | I9: =F9 -> -0.859 | J9: =H9 -> 14.951814 | K9: =I9 -> -0.859 | L9: 15 | M9: 3191.55 | N9: =M9-D10 -> 0 | O9: 15 | P9: =K9 -> -0.859 | T9: =J9 -> 14.951814 | U9: =K9 -> -0.859 | W9: 14.951814 | X9: -0.859
A10: E5 | B10: G5 | C10: 19.664324 | D10: =M9 -> 3191.55 | E10: =C10 -> 19.664324 | F10: =D10-MAX($D$6:$D$125) -> -0.855 | G10: =D10 -> 3191.55 | H10: =C10 -> 19.664324 | I10: =F10 -> -0.855 | J10: =H10 -> 19.664324 | K10: =I10 -> -0.855 | L10: 19.7 | M10: 3189.879 | N10: =M10-D11 -> 0 | O10: 20 | P10: =K10 -> -0.855 | T10: =J10 -> 19.664324 | U10: =K10 -> -0.855 | W10: 19.664324 | X10: -0.855
A11: E6 | B11: G6 | C11: 24.620972 | D11: =M10 -> 3189.879 | E11: =C11 -> 24.620972 | F11: =D11-MAX($D$6:$D$125) -> -2.526 | G11: =D11 -> 3189.879 | H11: =C11 -> 24.620972 | I11: =F11 -> -2.526 | J11: =H11 -> 24.620972 | K11: =I11 -> -2.526 | L11: 24.6 | M11: 3190.536 | N11: =M11-D12 -> 0 | O11: 25 | P11: =K11 -> -2.526 | T11: =J11 -> 24.620972 | U11: =-1.5 -> -1.5 | W11: 24.620972 | X11: -1.5
A12: E7 | B12: G7 | C12: 29.605894 | D12: =M11 -> 3190.536 | E12: =C12 -> 29.605894 | F12: =D12-MAX($D$6:$D$125) -> -1.869 | G12: =D12 -> 3190.536 | H12: =C12 -> 29.605894 | I12: =F12 -> -1.869 | J12: =H12 -> 29.605894 | K12: =I12 -> -1.869 | L12: 29.6 | M12: 3190.148 | N12: =M12-D13 -> 0 | O12: 30 | P12: =K12 -> -1.869 | T12: =J12 -> 29.605894 | U12: =K12 -> -1.869 | W12: 29.605894 | X12: -1.869
A13: E8 | B13: G8 | C13: 34.277943 | D13: =M12 -> 3190.148 | E13: =C13 -> 34.277943 | F13: =D13-MAX($D$6:$D$125) -> -2.257 | G13: =D13 -> 3190.148 | H13: =C13 -> 34.277943 | I13: =F13 -> -2.257 | J13: =H13 -> 34.277943 | K13: =I13 -> -2.257 | L13: 34.3 | M13: 3188.367 | N13: =M13-D14 -> 0 | O13: 35 | P13: =K13 -> -2.257 | T13: =J13 -> 34.277943 | U13: =K13 -> -2.257 | W13: 34.277943 | X13: -2.257
A14: E9 | B14: G9 | C14: 39.271231 | D14: =M13 -> 3188.367 | E14: =C14 -> 39.271231 | F14: =D14-MAX($D$6:$D$125) -> -4.038 | G14: =D14 -> 3188.367 | H14: =C14 -> 39.271231 | I14: =F14 -> -4.038 | J14: =H14 -> 39.271231 | K14: =I14 -> -4.038 | L14: 39.3 | M14: 3188.108 | N14: =M14-D15 -> 0 | O14: 40 | P14: =K14 -> -4.038 | T14: =J14 -> 39.271231 | U14: -3.2 | W14: 39.271231 | X14: -3.2
A15: E10 | B15: G10 | C15: 44.25021 | D15: =M14 -> 3188.108 | E15: =C15 -> 44.25021 | F15: =D15-MAX($D$6:$D$125) -> -4.297 | G15: =D15 -> 3188.108 | H15: =C15 -> 44.25021 | I15: =F15 -> -4.297 | J15: =H15 -> 44.25021 | K15: =I15 -> -4.297 | L15: 44.3 | M15: 3187.65 | N15: =M15-D16 -> 0 | O15: 45 | P15: =K15 -> -4.297 | T15: =J15 -> 44.25021 | U15: =K15 -> -4.297 | W15: 44.25021 | X15: -4.297
A16: E11 | B16: G11 | C16: 49.232791 | D16: =M15 -> 3187.65 | E16: =C16 -> 49.232791 | F16: =D16-MAX($D$6:$D$125) -> -4.755 | G16: =D16 -> 3187.65 | H16: =C16 -> 49.232791 | I16: =F16 -> -4.755 | J16: =H16 -> 49.232791 | K16: =I16 -> -4.755 | L16: 49.2 | M16: 3187.233 | N16: =M16-D17 -> 0 | O16: 50 | P16: =K16 -> -4.755 | T16: =J16 -> 49.232791 | U16: =K16 -> -4.755 | W16: 49.232791 | X16: -4.755
A17: E12 | B17: G12 | C17: 54.225332 | D17: =M16 -> 3187.233 | E17: =C17 -> 54.225332 | F17: =D17-MAX($D$6:$D$125) -> -5.172 | G17: =D17 -> 3187.233 | H17: =C17 -> 54.225332 | I17: =F17 -> -5.172 | J17: =H17 -> 54.225332 | K17: =I17 -> -5.172 | L17: 54.2 | M17: 3187.506 | N17: =M17-D18 -> 0 | O17: 55 | P17: =K17 -> -5.172 | T17: =J17 -> 54.225332 | U17: =K17 -> -5.172 | W17: 54.225332 | X17: -5.172
A18: E13 | B18: G13 | C18: 59.225315 | D18: =M17 -> 3187.506 | E18: =C18 -> 59.225315 | F18: =D18-MAX($D$6:$D$125) -> -4.899 | G18: =D18 -> 3187.506 | H18: =C18 -> 59.225315 | I18: =F18 -> -4.899 | J18: =H18 -> 59.225315 | K18: =I18 -> -4.899 | L18: 59.2 | M18: 3187.493 | N18: =M18-D19 -> 0 | O18: 60 | P18: =K18 -> -4.899 | T18: =J18 -> 59.225315 | U18: =K18 -> -4.899 | W18: 59.225315 | X18: -4.899
A19: E14 | B19: G14 | C19: 64.111229 | D19: =M18 -> 3187.493 | E19: =C19 -> 64.111229 | F19: =D19-MAX($D$6:$D$125) -> -4.912 | G19: =D19 -> 3187.493 | H19: =C19 -> 64.111229 | I19: =F19 -> -4.912 | J19: =H19 -> 64.111229 | K19: =I19 -> -4.912 | L19: 64.1 | M19: 3186.431 | N19: =M19-D20 -> 0 | O19: 65 | P19: =K19 -> -4.912 | T19: =J19 -> 64.111229 | U19: =K19 -> -4.912 | W19: 64.111229 | X19: -4.912
A20: E15 | B20: G15 | C20: 68.907124 | D20: =M19 -> 3186.431 | E20: =C20 -> 68.907124 | F20: =D20-MAX($D$6:$D$125) -> -5.974 | G20: =D20 -> 3186.431 | H20: =C20 -> 68.907124 | I20: =F20 -> -5.974 | J20: =H20 -> 68.907124 | K20: =I20 -> -5.974 | L20: 68.9 | M20: 3185.017 | N20: =M20-D21 -> 0 | O20: 70 | P20: =K20 -> -5.974 | T20: =J20 -> 68.907124 | U20: =K20 -> -5.974 | W20: 68.907124 | X20: -5.974
A21: E16 | B21: G16 | C21: 73.813314 | D21: =M20 -> 3185.017 | E21: =C21 -> 73.813314 | F21: =D21-MAX($D$6:$D$125) -> -7.388 | G21: =D21 -> 3185.017 | H21: =C21 -> 73.813314 | I21: =F21 -> -7.388 | J21: =H21 -> 73.813314 | K21: =I21 -> -7.388 | L21: 73.8 | M21: 3184.053 | N21: =M21-D22 -> 0 | O21: 75 | P21: =K21 -> -7.388 | T21: =J21 -> 73.813314 | U21: =K21 -> -7.388 | W21: 73.813314 | X21: -7.388
A22: E17 | B22: G17 | C22: 78.625083 | D22: =M21 -> 3184.053 | E22: =C22 -> 78.625083 | F22: =D22-MAX($D$6:$D$125) -> -8.352 | G22: =D22 -> 3184.053 | H22: =C22 -> 78.625083 | I22: =F22 -> -8.352 | J22: =H22 -> 78.625083 | K22: =I22 -> -8.352 | L22: 78.6 | M22: 3182.694 | N22: =M22-D23 -> 0 | O22: 80 | P22: =K22 -> -8.352 | T22: =J22 -> 78.625083 | U22: =K22 -> -8.352 | W22: 78.625083 | X22: -8.352
A23: E18 | B23: G18 | C23: 83.587364 | D23: =M22 -> 3182.694 | E23: =C23 -> 83.587364 | F23: =D23-MAX($D$6:$D$125) -> -9.711 | G23: =D23 -> 3182.694 | H23: =C23 -> 83.587364 | I23: =F23 -> -9.711 | J23: =H23 -> 83.587364 | K23: =I23 -> -9.711 | L23: 83.6 | M23: 3182.081 | N23: =M23-D24 -> 0 | O23: 85 | P23: =K23 -> -9.711 | T23: =J23 -> 83.587364 | U23: =K23 -> -9.711 | W23: 83.587364 | X23: -9.711
A24: E19 | B24: G19 | C24: 88.578772 | D24: =M23 -> 3182.081 | E24: =C24 -> 88.578772 | F24: =D24-MAX($D$6:$D$125) -> -10.324 | G24: =D24 -> 3182.081 | H24: =C24 -> 88.578772 | I24: =F24 -> -10.324 | J24: =H24 -> 88.578772 | K24: =I24 -> -10.324 | L24: 88.6 | M24: 3181.788 | N24: =M24-D25 -> 0 | O24: 90 | P24: =K24 -> -10.324 | Q24: -7.5 | R24: =K24 -> -10.324 | T24: =J24 -> 88.578772 | U24: =K24 -> -10.324 | W24: 88.578772 | X24: -10.324
A25: E20 | B25: G20 | C25: 93.578772 | D25: =M24 -> 3181.788 | E25: =C25 -> 93.578772 | F25: =D25-MAX($D$6:$D$125) -> -10.617 | G25: =D25 -> 3181.788 | H25: =C25 -> 93.578772 | I25: =F25 -> -10.617 | J25: =H25 -> 93.578772 | K25: =I25 -> -10.617 | L25: 93.6 | M25: 3181.787 | N25: =M25-D26 -> 0 | O25: 95 | P25: =K25 -> -10.617 | Q25: 0 | R25: =K25 -> -10.617 | T25: =J25 -> 93.578772 | U25: =K25 -> -10.617 | W25: 93.578772 | X25: -10.617
A26: E21 | B26: G21 | C26: 96.828387 | D26: =M25 -> 3181.787 | E26: =C26 -> 96.828387 | F26: =D26-MAX($D$6:$D$125) -> -10.618 | G26: =D26 -> 3181.787 | H26: =C26 -> 96.828387 | I26: =F26 -> -10.618 | J26: =H26 -> 96.828387 | K26: =I26 -> -10.618 | L26: 96.8 | M26: 3177.987 | N26: =M26-D27 -> 0 | O26: 100 | P26: =K26 -> -10.618 | Q26: 5 | R26: =K26 -> -10.618 | T26: =J26 -> 96.828387 | U26: =K26 -> -10.618 | W26: 96.828387 | X26: -10.618
A27: E22 | B27: G22 | C27: 101.82193 | D27: =M26 -> 3177.987 | E27: =C27 -> 101.82193 | F27: =D27-MAX($D$6:$D$125) -> -14.418 | G27: =D27 -> 3177.987 | H27: =C27 -> 101.82193 | I27: =F27 -> -14.418 | J27: =H27 -> 101.82193 | K27: =I27 -> -14.418 | L27: 101.8 | M27: 3178.241 | N27: =M27-D28 -> 0 | O27: 105 | P27: =K27 -> -14.418 | Q27: 10 | R27: =K27 -> -14.418 | T27: =J27 -> 101.82193 | U27: -12.4 | W27: 101.82193 | X27: -12.4
A28: E23 | B28: G23 | C28: 106.77548 | D28: =M27 -> 3178.241 | E28: =C28 -> 106.77548 | F28: =D28-MAX($D$6:$D$125) -> -14.164 | G28: =D28 -> 3178.241 | H28: =C28 -> 106.77548 | I28: =F28 -> -14.164 | J28: =H28 -> 106.77548 | K28: =I28 -> -14.164 | L28: 106.8 | M28: 3177.561 | N28: =M28-D29 -> 0 | O28: 110 | P28: =K28 -> -14.164 | Q28: 15 | R28: =K28 -> -14.164 | T28: =J28 -> 106.77548 | U28: =K28 -> -14.164 | W28: 106.77548 | X28: -14.164
A29: E24 | B29: G24 | C29: 111.76855 | D29: =M28 -> 3177.561 | E29: =C29 -> 111.76855 | F29: =D29-MAX($D$6:$D$125) -> -14.844 | G29: =D29 -> 3177.561 | H29: =C29 -> 111.76855 | I29: =F29 -> -14.844 | J29: =H29 -> 111.76855 | K29: =I29 -> -14.844 | L29: 111.8 | M29: 3177.298 | N29: =M29-D30 -> 0 | O29: 115 | P29: =K29 -> -14.844 | Q29: 20 | R29: =K29 -> -14.844 | T29: =J29 -> 111.76855 | U29: =K29 -> -14.844 | W29: 111.76855 | X29: -14.844
A30: E25 | B30: G25 | C30: 116.68707 | D30: =M29 -> 3177.298 | E30: =C30 -> 116.68707 | F30: =D30-MAX($D$6:$D$125) -> -15.107 | G30: =D30 -> 3177.298 | H30: =C30 -> 116.68707 | I30: =F30 -> -15.107 | J30: =H30 -> 116.68707 | K30: =I30 -> -15.107 | L30: 119.3 | M30: 3176.399 | N30: =M30-D31 -> 0 | O30: 122.5 | P30: =K30 -> -15.107 | Q30: 25 | R30: =K30 -> -15.107 | T30: =J30 -> 116.68707 | U30: =K30 -> -15.107 | W30: 116.68707 | X30: -15.107
A31: E26 | B31: G26 | C31: 121.67529 | D31: =M30 -> 3176.399 | E31: =C31 -> 121.67529 | F31: =D31-MAX($D$6:$D$125) -> -16.006 | G31: =D31 -> 3176.399 | H31: =C31 -> 121.67529 | I31: =F31 -> -16.006 | J31: =H31 -> 121.67529 | K31: =I31 -> -16.006 | L31: 123.1 | M31: 3176.56 | N31: =M31-D32 -> 0 | Q31: 30 | R31: =K31 -> -16.006 | T31: =J31 -> 121.67529 | U31: =K31 -> -16.006 | W31: 121.67529 | X31: -16.006
A32: E27 | B32: G27 | C32: 126.65277 | D32: =M31 -> 3176.56 | E32: =C32 -> 126.65277 | F32: =D32-MAX($D$6:$D$125) -> -15.845 | G32: =D32 -> 3176.56 | H32: =C32 -> 126.65277 | I32: =F32 -> -15.845 | J32: =H32 -> 126.65277 | K32: =I32 -> -15.845 | L32: 128.1 | M32: 3175.582 | N32: =M32-D33 -> 0 | Q32: 35 | R32: =K32 -> -15.845 | T32: =J32 -> 126.65277 | U32: =K32 -> -15.845 | W32: 126.65277 | X32: -15.845
A33: E28 | B33: G28 | C33: 131.63544 | D33: =M32 -> 3175.582 | E33: =C33 -> 131.63544 | F33: =D33-MAX($D$6:$D$125) -> -16.823 | G33: =D33 -> 3175.582 | H33: =C33 -> 131.63544 | I33: =F33 -> -16.823 | J33: =H33 -> 131.63544 | K33: =I33 -> -16.823 | L33: 133 | M33: 3175.166 | N33: =M33-D34 -> 0 | Q33: 40 | R33: =K33 -> -16.823 | T33: =J33 -> 131.63544 | U33: =K33 -> -16.823 | W33: 131.63544 | X33: -16.823
A34: E29 | B34: G29 | C34: 136.12689 | D34: =M33 -> 3175.166 | E34: =C34 -> 136.12689 | F34: =D34-MAX($D$6:$D$125) -> -17.239 | G34: =D34 -> 3175.166 | H34: =C34 -> 136.12689 | I34: =F34 -> -17.239 | J34: =H34 -> 136.12689 | K34: =I34 -> -17.239 | L34: 137.5 | M34: 3172.969 | N34: =M34-D35 -> 0 | Q34: 45 | R34: =K34 -> -17.239 | T34: =J34 -> 136.12689 | U34: =K34 -> -17.239 | W34: 136.12689 | X34: -17.239
A35: E30 | B35: G30 | C35: 141.12433 | D35: =M34 -> 3172.969 | E35: =C35 -> 141.12433 | F35: =D35-MAX($D$6:$D$125) -> -19.436 | G35: =D35 -> 3172.969 | H35: =C35 -> 141.12433 | I35: =F35 -> -19.436 | J35: =H35 -> 141.12433 | K35: =I35 -> -19.436 | L35: 142.5 | M35: 3173.129 | N35: =M35-D36 -> 0 | Q35: 50 | R35: =K35 -> -19.436 | T35: =J35 -> 141.12433 | U35: =-18.4 -> -18.4 | W35: 141.12433 | X35: -18.4
A36: E31 | B36: G31 | C36: 146.06217 | D36: =M35 -> 3173.129 | E36: =C36 -> 146.06217 | F36: =D36-MAX($D$6:$D$125) -> -19.276 | G36: =D36 -> 3173.129 | H36: =C36 -> 146.06217 | I36: =F36 -> -19.276 | J36: =H36 -> 146.06217 | K36: =I36 -> -19.276 | L36: 147.5 | M36: 3173.915 | N36: =M36-D37 -> 0 | Q36: 55 | R36: =K36 -> -19.276 | T36: =J36 -> 146.06217 | U36: =K36 -> -19.276 | W36: 146.06217 | X36: -19.276
A37: E32 | B37: G32 | C37: 151.03014 | D37: =M36 -> 3173.915 | E37: =C37 -> 151.03014 | F37: =D37-MAX($D$6:$D$125) -> -18.49 | G37: =D37 -> 3173.915 | H37: =C37 -> 151.03014 | I37: =F37 -> -18.49 | J37: =H37 -> 151.03014 | K37: =I37 -> -18.49 | L37: 152.4 | M37: 3173.35 | N37: =M37-D38 -> 0 | Q37: 60 | R37: =K37 -> -18.49 | T37: =J37 -> 151.03014 | U37: =K37 -> -18.49 | W37: 151.03014 | X37: -18.49
A38: E33 | B38: G33 | C38: 155.91255 | D38: =M37 -> 3173.35 | E38: =C38 -> 155.91255 | F38: =D38-MAX($D$6:$D$125) -> -19.055 | G38: =D38 -> 3173.35 | H38: =C38 -> 155.91255 | I38: =F38 -> -19.055 | J38: =H38 -> 155.91255 | K38: =I38 -> -19.055 | L38: 157.3 | M38: 3172.272 | N38: =M38-D39 -> 0 | Q38: 65 | R38: =K38 -> -19.055 | T38: =J38 -> 155.91255 | U38: =K38 -> -19.055 | W38: 155.91255 | X38: -19.055
A39: E34 | B39: G34 | C39: 160.46029 | D39: =M38 -> 3172.272 | E39: =C39 -> 160.46029 | F39: =D39-MAX($D$6:$D$125) -> -20.133 | G39: =D39 -> 3172.272 | H39: =C39 -> 160.46029 | I39: =F39 -> -20.133 | J39: =H39 -> 160.46029 | K39: =I39 -> -20.133 | L39: 161.9 | M39: 3174.35 | N39: =M39-D40 -> 0 | Q39: 70 | R39: =K39 -> -20.133 | T39: =J39 -> 160.46029 | U39: -19.9 | W39: 160.46029 | X39: -19.9
A40: E35 | B40: G35 | C40: 165.34203 | D40: =M39 -> 3174.35 | E40: =C40 -> 165.34203 | F40: =D40-MAX($D$6:$D$125) -> -18.055 | G40: =D40 -> 3174.35 | H40: =C40 -> 165.34203 | I40: =F40 -> -18.055 | J40: =H40 -> 165.34203 | K40: =I40 -> -18.055 | L40: 166.8 | M40: 3173.269 | N40: =M40-D41 -> 0 | Q40: 75 | R40: =K40 -> -18.055 | T40: =J40 -> 165.34203 | U40: -19.1 | W40: 165.34203 | X40: -19.1
A41: E36 | B41: G36 | C41: 170.29307 | D41: =M40 -> 3173.269 | E41: =C41 -> 170.29307 | F41: =D41-MAX($D$6:$D$125) -> -19.136 | G41: =D41 -> 3173.269 | H41: =C41 -> 170.29307 | I41: =F41 -> -19.136 | J41: =H41 -> 170.29307 | K41: =I41 -> -19.136 | L41: 171.7 | M41: 3173.967 | N41: =M41-D42 -> 0 | Q41: 80 | R41: =K41 -> -19.136 | T41: =J41 -> 170.29307 | U41: =K41 -> -19.136 | W41: 170.29307 | X41: -19.136
A42: E37 | B42: G37 | C42: 174.86863 | D42: =M41 -> 3173.967 | E42: =C42 -> 174.86863 | F42: =D42-MAX($D$6:$D$125) -> -18.438 | G42: =D42 -> 3173.967 | H42: =C42 -> 174.86863 | I42: =F42 -> -18.438 | J42: =H42 -> 174.86863 | K42: =I42 -> -18.438 | L42: 176.3 | M42: 3171.951 | N42: =M42-D43 -> 0 | Q42: 85 | R42: =K42 -> -18.438 | T42: =J42 -> 174.86863 | U42: -18.9 | W42: 174.86863 | X42: -18.9
A43: E38 | B43: G38 | C43: 179.85188 | D43: =M42 -> 3171.951 | E43: =C43 -> 179.85188 | F43: =D43-MAX($D$6:$D$125) -> -20.454 | G43: =D43 -> 3171.951 | H43: =C43 -> 179.85188 | I43: =F43 -> -20.454 | J43: =H43 -> 179.85188 | K43: =I43 -> -20.454 | L43: 181.3 | M43: 3172.36 | N43: =M43-D44 -> 0 | Q43: 90 | R43: =K43 -> -20.454 | T43: =J43 -> 179.85188 | U43: =K43 -> -20.454 | W43: 179.85188 | X43: -20.454
A44: E39 | B44: G39 | C44: 184.85086 | D44: =M43 -> 3172.36 | E44: =C44 -> 184.85086 | F44: =D44-MAX($D$6:$D$125) -> -20.045 | G44: =D44 -> 3172.36 | H44: =C44 -> 184.85086 | I44: =F44 -> -20.045 | J44: =H44 -> 184.85086 | K44: =I44 -> -20.045 | L44: 186.3 | M44: 3172.259 | N44: =M44-D45 -> 0 | Q44: 95 | R44: =K44 -> -20.045 | T44: =J44 -> 184.85086 | U44: =K44 -> -20.045 | W44: 184.85086 | X44: -20.045
A45: E40 | B45: G40 | C45: 189.75997 | D45: =M44 -> 3172.259 | E45: =C45 -> 189.75997 | F45: =D45-MAX($D$6:$D$125) -> -20.146 | G45: =D45 -> 3172.259 | H45: =C45 -> 189.75997 | I45: =F45 -> -20.146 | J45: =H45 -> 189.75997 | K45: =I45 -> -20.146 | L45: 191.2 | M45: 3171.31 | N45: =M45-D46 -> 0 | Q45: 100 | R45: =K45 -> -20.146 | T45: =J45 -> 189.75997 | U45: =K45 -> -20.146 | W45: 189.75997 | X45: -20.146
A46: E41 | B46: G41 | C46: 194.40433 | D46: =M45 -> 3171.31 | E46: =C46 -> 194.40433 | F46: =D46-MAX($D$6:$D$125) -> -21.095 | G46: =D46 -> 3171.31 | H46: =C46 -> 194.40433 | I46: =F46 -> -21.095 | J46: =H46 -> 194.40433 | K46: =I46 -> -21.095 | L46: 195.8 | M46: 3173.162 | N46: =M46-D47 -> 0 | Q46: 105 | R46: =K46 -> -21.095 | T46: =J46 -> 194.40433 | U46: =K46 -> -21.095 | W46: 194.40433 | X46: -21.095
A47: E42 | B47: G42 | C47: 199.12633 | D47: =M46 -> 3173.162 | E47: =C47 -> 199.12633 | F47: =D47-MAX($D$6:$D$125) -> -19.243 | G47: =D47 -> 3173.162 | H47: =C47 -> 199.12633 | I47: =F47 -> -19.243 | J47: =H47 -> 199.12633 | K47: =I47 -> -19.243 | L47: 200.5 | M47: 3174.806 | N47: =M47-D48 -> 0 | Q47: 110 | R47: =K47 -> -19.243 | T47: =J47 -> 199.12633 | U47: =K47 -> -19.243 | W47: 199.12633 | X47: -19.243
A48: E43 | B48: G43 | C48: 204.10362 | D48: =M47 -> 3174.806 | E48: =C48 -> 204.10362 | F48: =D48-MAX($D$6:$D$125) -> -17.599 | G48: =D48 -> 3174.806 | H48: =C48 -> 204.10362 | I48: =F48 -> -17.599 | J48: 212.5 | K48: =I48 -> -17.599 | L48: 212.5 | M48: 3174.33 | N48: =M48-D49 -> 0 | Q48: 115 | R48: =K48 -> -17.599 | T48: =T47+7.5 -> 206.62633 | U48: -18.8 | W48: =E48 -> 204.10362 | X48: =F48 -> -17.599
A49: E44 | B49: G44 | C49: 208.93568 | D49: =M48 -> 3174.33 | E49: =C49 -> 208.93568 | F49: =D49-MAX($D$6:$D$125) -> -18.075 | G49: =D49 -> 3174.33 | H49: =C49 -> 208.93568 | I49: =F49 -> -18.075 | Q49: 122.5 | R49: =K49 -> 0 | W49: =E49 -> 208.93568 | X49: =F49 -> -18.075
A50: E45 | B50: offset | C50: 213.91092 | D50: 3173.542 | E50: =C50 -> 213.91092 | F50: =D50-MAX($D$6:$D$125) -> -18.863 | G50: =D50 -> 3173.542 | H50: =C50 -> 213.91092 | I50: =F50 -> -18.863 | W50: =E50 -> 213.91092 | X50: =F50 -> -18.863
A51: E46 | C51: 218.90034 | D51: 3173.867 | E51: =C51 -> 218.90034 | F51: =D51-MAX($D$6:$D$125) -> -18.538 | G51: =D51 -> 3173.867 | W51: =E51 -> 218.90034 | X51: =F51 -> -18.538
A52: E47 | C52: 223.89528 | D52: 3173.642 | E52: =C52 -> 223.89528 | F52: =D52-MAX($D$6:$D$125) -> -18.763 | G52: =D52 -> 3173.642 | W52: =E52 -> 223.89528 | X52: =F52 -> -18.763
A53: E48 | C53: 228.71707 | D53: 3174.965 | E53: =C53 -> 228.71707 | F53: =D53-MAX($D$6:$D$125) -> -17.44 | G53: =D53 -> 3174.965 | W53: =E53 -> 228.71707 | X53: =F53 -> -17.44
A54: E49 | C54: 233.71553 | D54: 3175.089 | E54: =C54 -> 233.71553 | F54: =D54-MAX($D$6:$D$125) -> -17.316 | G54: =D54 -> 3175.089 | W54: =E54 -> 233.71553 | X54: =F54 -> -17.316
A55: E50 | C55: 238.71489 | D55: 3175.169 | E55: =C55 -> 238.71489 | F55: =D55-MAX($D$6:$D$125) -> -17.236 | G55: =D55 -> 3175.169 | W55: =E55 -> 238.71489 | X55: =F55 -> -17.236
A56: E51 | C56: 243.32655 | D56: 3173.237 | E56: =C56 -> 243.32655 | F56: =D56-MAX($D$6:$D$125) -> -19.168 | G56: =D56 -> 3173.237 | W56: =E56 -> 243.32655 | X56: =F56 -> -19.168
A57: E52 | C57: 248.23372 | D57: 3172.278 | E57: =C57 -> 248.23372 | F57: =D57-MAX($D$6:$D$125) -> -20.127 | G57: =D57 -> 3172.278 | W57: =E57 -> 248.23372 | X57: =F57 -> -20.127
A58: E53 | C58: 253.16701 | D58: 3171.464 | E58: =C58 -> 253.16701 | F58: =D58-MAX($D$6:$D$125) -> -20.941 | G58: =D58 -> 3171.464 | W58: =E58 -> 253.16701 | X58: =F58 -> -20.941
A59: E54 | C59: 258.11329 | D59: 3170.733 | E59: =C59 -> 258.11329 | F59: =D59-MAX($D$6:$D$125) -> -21.672 | G59: =D59 -> 3170.733 | W59: =E59 -> 258.11329 | X59: =F59 -> -21.672
A60: E55 | C60: 263.10658 | D60: 3170.992 | E60: =C60 -> 263.10658 | F60: =D60-MAX($D$6:$D$125) -> -21.413 | G60: =D60 -> 3170.992 | W60: =E60 -> 263.10658 | X60: =F60 -> -21.413
A61: E56 | C61: 267.80906 | D61: 3169.293 | E61: =C61 -> 267.80906 | F61: =D61-MAX($D$6:$D$125) -> -23.112 | G61: =D61 -> 3169.293 | W61: =E61 -> 267.80906 | X61: =F61 -> -23.112
A62: E57 | C62: 271.81206 | D62: 3166.297 | E62: =C62 -> 271.81206 | F62: =D62-MAX($D$6:$D$125) -> -26.108 | G62: =D62 -> 3166.297 | W62: =E62 -> 271.81206 | X62: =F62 -> -26.108
... A124: E119 | C124: 568.69102 | D124: 3108.194 | E124: =C124 -> 568.69102 | F124: =D124-MAX($D$6:$D$125) -> -84.211 | G124: =D124 -> 3108.194 | W124: =E124 -> 568.69102 | X124: =F124 -> -84.211
A125: E120 | C125: 573.62822 | D125: 3107.404 | E125: =C125 -> 573.62822 | F125: =D125-MAX($D$6:$D$125) -> -85.001 | G125: =D125 -> 3107.404 | J125: =H125 -> 0 | K125: =I125 -> 0 | W125: =E125 -> 573.62822 | X125: =F125 -> -85.001

Sheet GOL07c
A1: GOL07ab | C1: G1 = E72
C3: ERT (original) | G3: RST | K3: RST (new) | O3: GOL07c_max = set to 0 | R3: GOL07c_max = | T3: =MAX(L76:L101) -> -46.459
A4: #ERT | B4: #GST | C4: x | D4: z | E4: x | F4: z_depth | G4: x | I4: z_alt | J4: z_depth | K4: x | L4: z
O5: ERT
A6: E1 | C6: 0 | D6: =GOL07ab!D6 -> 3192.405 | E6: 0 | F6: 0 | G6: =D6 -> 3192.405 | O6: =E6 -> 0 | P6: =F6-$T$3 -> 46.459
A7: E2 | C7: 4.9555802 | D7: =GOL07ab!D7 -> 3192.405 | E7: 4.9555802 | F7: 0 | G7: =D7 -> 3192.405 | O7: =E7 -> 4.9555802 | P7: =F7-$T$3 -> 46.459
A8: E3 | C8: 9.9518152 | D8: =GOL07ab!D8 -> 3191.74 | E8: 9.9518152 | F8: -0.665 | G8: =D8 -> 3191.74 | O8: =E8 -> 9.9518152 | P8: =F8-$T$3 -> 45.794
A9: E4 | C9: 14.951814 | D9: =GOL07ab!D9 -> 3191.546 | E9: 14.951814 | F9: -0.859 | G9: =D9 -> 3191.546 | O9: =E9 -> 14.951814 | P9: =F9-$T$3 -> 45.6
A10: E5 | C10: 19.664324 | D10: =GOL07ab!D10 -> 3191.55 | E10: 19.664324 | F10: -0.855 | G10: =D10 -> 3191.55 | O10: =E10 -> 19.664324 | P10: =F10-$T$3 -> 45.604
A11: E6 | C11: 24.620972 | D11: =GOL07ab!D11 -> 3189.879 | E11: 24.620972 | F11: -1.5 | G11: =D11 -> 3189.879 | O11: =E11 -> 24.620972 | P11: =F11-$T$3 -> 44.959
A12: E7 | C12: 29.605894 | D12: =GOL07ab!D12 -> 3190.536 | E12: 29.605894 | F12: -1.869 | G12: =D12 -> 3190.536 | O12: =E12 -> 29.605894 | P12: =F12-$T$3 -> 44.59
A13: E8 | C13: 34.277943 | D13: =GOL07ab!D13 -> 3190.148 | E13: 34.277943 | F13: -2.257 | G13: =D13 -> 3190.148 | O13: =E13 -> 34.277943 | P13: =F13-$T$3 -> 44.202
A14: E9 | C14: 39.271231 | D14: =GOL07ab!D14 -> 3188.367 | E14: 39.271231 | F14: -3.2 | G14: =D14 -> 3188.367 | O14: =E14 -> 39.271231 | P14: =F14-$T$3 -> 43.259
A15: E10 | C15: 44.25021 | D15: =GOL07ab!D15 -> 3188.108 | E15: 44.25021 | F15: -4.297 | G15: =D15 -> 3188.108 | O15: =E15 -> 44.25021 | P15: =F15-$T$3 -> 42.162
A16: E11 | C16: 49.232791 | D16: =GOL07ab!D16 -> 3187.65 | E16: 49.232791 | F16: -4.755 | G16: =D16 -> 3187.65 | O16: =E16 -> 49.232791 | P16: =F16-$T$3 -> 41.704
A17: E12 | C17: 54.225332 | D17: =GOL07ab!D17 -> 3187.233 | E17: 54.225332 | F17: -5.172 | G17: =D17 -> 3187.233 | O17: =E17 -> 54.225332 | P17: =F17-$T$3 -> 41.287
... A75: E70 | C75: 332.07295 | D75: =GOL07ab!D75 -> 3147.336 | E75: 332.07295 | F75: -45.069 | G75: =D75 -> 3147.336 | O75: =E75 -> 332.07295 | P75: =F75-$T$3 -> 1.39
A76: E71 | B76: offset | C76: 336.22886 | D76: =GOL07ab!D76 -> 3144.556 | E76: 336.22886 | F76: -47.849 | G76: =D76 -> 3144.556 | I76: =C77-7.5 -> 333.64142 | J76: =F75+((F76-F75)/2) -> -46.459 | K76: =I76 -> 333.64142 | L76: =J76 -> -46.459 | O76: =E76 -> 336.22886 | P76: =F76-$T$3 -> -1.39 | Q76: =K76 -> 333.64142 | R76: =L76-$T$3 -> 0
A77: E72 | B77: G1 | C77: 341.14142 | D77: =GOL07ab!D77 -> 3143.625 | E77: 341.14142 | F77: -48.78 | G77: =D77 -> 3143.625 | I77: =C77 -> 341.14142 | J77: =F77 -> -48.78 | K77: =I77 -> 341.14142 | L77: =J77 -> -48.78 | O77: =E77 -> 341.14142 | P77: =F77-$T$3 -> -2.321 | Q77: =K77 -> 341.14142 | R77: =L77-$T$3 -> -2.321
A78: E73 | B78: G2 | C78: 346.13306 | D78: =GOL07ab!D78 -> 3143.336 | E78: 346.13306 | F78: -49.069 | G78: =D78 -> 3143.336 | I78: =C78 -> 346.13306 | J78: =F78 -> -49.069 | K78: =I78 -> 346.13306 | L78: =J78 -> -49.069 | O78: =E78 -> 346.13306 | P78: =F78-$T$3 -> -2.61 | Q78: =K78 -> 346.13306 | R78: =L78-$T$3 -> -2.61
A79: E74 | B79: G3 | C79: 350.85541 | D79: =GOL07ab!D79 -> 3141.693 | E79: 350.85541 | F79: -50.712 | G79: =D79 -> 3141.693 | I79: =C79 -> 350.85541 | J79: =F79 -> -50.712 | K79: =I79 -> 350.85541 | L79: =J79 -> -50.712 | O79: =E79 -> 350.85541 | P79: =F79-$T$3 -> -4.253 | Q79: =K79 -> 350.85541 | R79: =L79-$T$3 -> -4.253
A80: E75 | B80: G4 | C80: 355.70529 | D80: =GOL07ab!D80 -> 3140.477 | E80: 355.70529 | F80: -51.928 | G80: =D80 -> 3140.477 | I80: =C80 -> 355.70529 | J80: =F80 -> -51.928 | K80: =I80 -> 355.70529 | L80: =J80 -> -51.928 | O80: =E80 -> 355.70529 | P80: =F80-$T$3 -> -5.469 | Q80: =K80 -> 355.70529 | R80: =L80-$T$3 -> -5.469
A81: E76 | B81: G5 | C81: 360.54367 | D81: =GOL07ab!D81 -> 3139.216 | E81: 360.54367 | F81: -53.189 | G81: =D81 -> 3139.216 | I81: =C81 -> 360.54367 | J81: =F81 -> -53.189 | K81: =I81 -> 360.54367 | L81: =J81 -> -53.189 | O81: =E81 -> 360.54367 | P81: =F81-$T$3 -> -6.73 | Q81: =K81 -> 360.54367 | R81: =L81-$T$3 -> -6.73
A82: E77 | B82: G6 | C82: 365.06114 | D82: =GOL07ab!D82 -> 3141.359 | E82: 365.06114 | F82: -51.046 | G82: =D82 -> 3141.359 | I82: =C82 -> 365.06114 | J82: =F82 -> -51.046 | K82: =I82 -> 365.06114 | L82: =J82 -> -51.046 | O82: =E82 -> 365.06114 | P82: =F82-$T$3 -> -4.587 | Q82: =K82 -> 365.06114 | R82: =L82-$T$3 -> -4.587
A83: E78 | B83: G7 | C83: 369.942 | D83: =GOL07ab!D83 -> 3142.444 | E83: 369.942 | F83: -49.961 | G83: =D83 -> 3142.444 | I83: =C83 -> 369.942 | J83: =F83 -> -49.961 | K83: =I83 -> 369.942 | L83: =J83 -> -49.961 | O83: =E83 -> 369.942 | P83: =F83-$T$3 -> -3.502 | Q83: =K83 -> 369.942 | R83: =L83-$T$3 -> -3.502
A84: E79 | B84: G8 | C84: 374.92286 | D84: =GOL07ab!D84 -> 3142.881 | E84: 374.92286 | F84: -49.524 | G84: =D84 -> 3142.881 | I84: =C84 -> 374.92286 | J84: =F84 -> -49.524 | K84: =I84 -> 374.92286 | L84: =J84 -> -49.524 | O84: =E84 -> 374.92286 | P84: =F84-$T$3 -> -3.065 | Q84: =K84 -> 374.92286 | R84: =L84-$T$3 -> -3.065
A85: E80 | B85: G9 | C85: 379.67097 | D85: =GOL07ab!D85 -> 3141.314 | E85: 379.67097 | F85: -51.091 | G85: =D85 -> 3141.314 | I85: =C85 -> 379.67097 | J85: =F85 -> -51.091 | K85: =I85 -> 379.67097 | L85: =J85 -> -51.091 | O85: =E85 -> 379.67097 | P85: =F85-$T$3 -> -4.632 | Q85: =K85 -> 379.67097 | R85: =L85-$T$3 -> -4.632
A86: E81 | B86: G10 | C86: 384.56394 | D86: =GOL07ab!D86 -> 3140.285 | E86: 384.56394 | F86: -52.12 | G86: =D86 -> 3140.285 | I86: =C86 -> 384.56394 | J86: =F86 -> -52.12 | K86: =I86 -> 384.56394 | L86: =J86 -> -52.12 | O86: =E86 -> 384.56394 | P86: =F86-$T$3 -> -5.661 | Q86: =K86 -> 384.56394 | R86: =L86-$T$3 -> -5.661
A87: E82 | B87: G11 | C87: 389.47208 | D87: =GOL07ab!D87 -> 3141.239 | E87: 389.47208 | F87: -51.166 | G87: =D87 -> 3141.239 | I87: =C87 -> 389.47208 | J87: =F87 -> -51.166 | K87: =I87 -> 389.47208 | L87: =J87 -> -51.166 | O87: =E87 -> 389.47208 | P87: =F87-$T$3 -> -4.707 | Q87: =K87 -> 389.47208 | R87: =L87-$T$3 -> -4.707
A88: E83 | B88: G12 | C88: 394.47197 | D88: =GOL07ab!D88 -> 3141.273 | E88: 394.47197 | F88: -51.132 | G88: =D88 -> 3141.273 | I88: =C88 -> 394.47197 | J88: =F88 -> -51.132 | K88: =I88 -> 394.47197 | L88: =J88 -> -51.132 | O88: =E88 -> 394.47197 | P88: =F88-$T$3 -> -4.673 | Q88: =K88 -> 394.47197 | R88: =L88-$T$3 -> -4.673
... A100: E95 | B100: G24 | C100: 452.67949 | D100: =GOL07ab!D100 -> 3129.13 | E100: 452.67949 | F100: -63.275 | G100: =D100 -> 3129.13 | I100: =C100 -> 452.67949 | J100: =F100 -> -63.275 | K100: =I100 -> 452.67949 | L100: =J100 -> -63.275 | O100: =E100 -> 452.67949 | P100: =F100-$T$3 -> -16.816 | Q100: =K100 -> 452.67949 | R100: =L100-$T$3 -> -16.816
A101: E96 | B101: offset | C101: 457.62606 | D101: =GOL07ab!D101 -> 3129.859 | E101: 457.62606 | F101: -62.546 | G101: =D101 -> 3129.859 | I101: =C101+7.5 -> 465.12606 | J101: =F100+((F101-F100)/2) -> -62.9105 | K101: =I101 -> 465.12606 | L101: =J101 -> -62.9105 | O101: =E101 -> 457.62606 | P101: =F101-$T$3 -> -16.087 | Q101: =K101 -> 465.12606 | R101: =L101-$T$3 -> -16.4515
A102: E97 | C102: 462.22461 | D102: =GOL07ab!D102 -> 3127.896 | E102: 462.22461 | F102: -64.509 | G102: =D102 -> 3127.896 | O102: =E102 -> 462.22461 | P102: =F102-$T$3 -> -18.05
A103: E98 | C103: 467.22367 | D103: =GOL07ab!D103 -> 3127.799 | E103: 467.22367 | F103: -64.606 | G103: =D103 -> 3127.799 | O103: =E103 -> 467.22367 | P103: =F103-$T$3 -> -18.147
A104: E99 | C104: 472.04132 | D104: =GOL07ab!D104 -> 3126.461 | E104: 472.04132 | F104: -65.944 | G104: =D104 -> 3126.461 | O104: =E104 -> 472.04132 | P104: =F104-$T$3 -> -19.485
A105: E100 | C105: 477.00335 | D105: =GOL07ab!D105 -> 3125.846 | E105: 477.00335 | F105: -66.559 | G105: =D105 -> 3125.846 | O105: =E105 -> 477.00335 | P105: =F105-$T$3 -> -20.1
A106: E101 | C106: 481.98351 | D106: =GOL07ab!D106 -> 3126.291 | E106: 481.98351 | F106: -66.114 | G106: =D106 -> 3126.291 | O106: =E106 -> 481.98351 | P106: =F106-$T$3 -> -19.655
A107: E102 | C107: 486.96222 | D107: =GOL07ab!D107 -> 3126.752 | E107: 486.96222 | F107: -65.653 | G107: =D107 -> 3126.752 | O107: =E107 -> 486.96222 | P107: =F107-$T$3 -> -19.194
A108: E103 | C108: 491.93019 | D108: =GOL07ab!D108 -> 3126.187 | E108: 491.93019 | F108: -66.218 | G108: =D108 -> 3126.187 | O108: =E108 -> 491.93019 | P108: =F108-$T$3 -> -19.759
A109: E104 | C109: 496.66389 | D109: =GOL07ab!D109 -> 3124.577 | E109: 496.66389 | F109: -67.828 | G109: =D109 -> 3124.577 | O109: =E109 -> 496.66389 | P109: =F109-$T$3 -> -21.369
A110: E105 | C110: 501.32361 | D110: =GOL07ab!D110 -> 3122.764 | E110: 501.32361 | F110: -69.641 | G110: =D110 -> 3122.764 | O110: =E110 -> 501.32361 | P110: =F110-$T$3 -> -23.182
A111: E106 | C111: 505.93945 | D111: =GOL07ab!D111 -> 3120.842 | E111: 505.93945 | F111: -71.563 | G111: =D111 -> 3120.842 | O111: =E111 -> 505.93945 | P111: =F111-$T$3 -> -25.104
A112: E107 | C112: 510.77441 | D112: =GOL07ab!D112 -> 3122.116 | E112: 510.77441 | F112: -70.289 | G112: =D112 -> 3122.116 | O112: =E112 -> 510.77441 | P112: =F112-$T$3 -> -23.83
A113: E108 | C113: 515.45253 | D113: =GOL07ab!D113 -> 3120.351 | E113: 515.45253 | F113: -72.054 | G113: =D113 -> 3120.351 | O113: =E113 -> 515.45253 | P113: =F113-$T$3 -> -25.595
... A125: E120 | C125: 573.62822 | D125: =GOL07ab!D125 -> 3107.404 | E125: 573.62822 | F125: -85.001 | G125: =D125 -> 3107.404 | O125: =E125 -> 573.62822 | P125: =F125-$T$3 -> -38.542

Sheet SUE02
A1: SUE02 | C1: G1 = E16 | D1: RST = 3m spacing, ERT = 5m spacing | AC1: RST_final_fit
AC2: x | AD2: z
C3: ERT (original) | G3: RST | J3: RST (new) | W3: ERTused | Z3: RST used for Pygimli | AC3: 68.134279 | AD3: =X18 -> -6.638 | AF3: 0 | AG3: 3848.35 | AH3: =AG3-MAX($AG$3:$AG$2353) -> -12.51
A4: #ERT | B4: #GST | C4: x | D4: z | E4: x | F4: z_depth | G4: x | H4: z_alt | I4: z_depth | J4: x | K4: z | W4: 0 | X4: -12.013 | AC4: 73.134279 | AD4: =X19 -> -6.659 | AF4: 0.1 | AG4: 3848.3528 | AH4: =AG4-MAX($AG$3:$AG$2353) -> -12.5072
A5: E1 | C5: 0 | D5: 3848.845 | E5: =C5 -> 0 | F5: =D5-MAX($D$5:$D$52) -> -12.013 | W5: 5 | X5: -11.871 | AC5: 76.018897 | AD5: -4.5 | AF5: 0.2 | AG5: 3848.3556 | AH5: =AG5-MAX($AG$3:$AG$2353) -> -12.5044
A6: E2 | C6: 4.9979832 | D6: 3848.987 | E6: =C6 -> 4.9979832 | F6: =D6-MAX($D$5:$D$52) -> -11.871 | W6: 9.7 | X6: -13.516 | AC6: 78.903516 | AD6: -2.9 | AF6: 0.3 | AG6: 3848.3584 | AH6: =AG6-MAX($AG$3:$AG$2353) -> -12.5016
A7: E3 | C7: 9.7196328 | D7: 3847.342 | E7: =C7 -> 9.7196328 | F7: =D7-MAX($D$5:$D$52) -> -13.516 | W7: 14.7 | X7: -13.47 | AC7: 81.788134 | AD7: -1.5 | AF7: 0.4 | AG7: 3848.3612 | AH7: =AG7-MAX($AG$3:$AG$2353) -> -12.4988
A8: E4 | C8: 14.719421 | D8: 3847.388 | E8: =C8 -> 14.719421 | F8: =D8-MAX($D$5:$D$52) -> -13.47 | W8: 19.7 | X8: -13.497 | AC8: 84.672753 | AD8: -2.5 | AF8: 0.5 | AG8: 3848.364 | AH8: =AG8-MAX($AG$3:$AG$2353) -> -12.496
A9: E5 | C9: 19.719348 | D9: 3847.361 | E9: =C9 -> 19.719348 | F9: =D9-MAX($D$5:$D$52) -> -13.497 | W9: 24.7 | X9: -12.879 | AC9: 87.557372 | AD9: =X22 -> -3.107 | AF9: 0.6 | AG9: 3848.3668 | AH9: =AG9-MAX($AG$3:$AG$2353) -> -12.4932
A10: E6 | C10: 24.681009 | D10: 3847.979 | E10: =C10 -> 24.681009 | F10: =D10-MAX($D$5:$D$52) -> -12.879 | W10: 29.7 | X10: -12.915 | AC10: 90.44199 | AD10: -3.0836 | AF10: 0.7 | AG10: 3848.3696 | AH10: =AG10-MAX($AG$3:$AG$2353) -> -12.4904
A11: E7 | C11: 29.680879 | D11: 3847.943 | E11: =C11 -> 29.680879 | F11: =D11-MAX($D$5:$D$52) -> -12.915 | W11: 34.7 | X11: -12.817 | AC11: 93.326609 | AD11: -2.8922 | AF11: 0.8 | AG11: 3848.3724 | AH11: =AG11-MAX($AG$3:$AG$2353) -> -12.4876
A12: E8 | C12: 34.679919 | D12: 3848.041 | E12: =C12 -> 34.679919 | F12: =D12-MAX($D$5:$D$52) -> -12.817 | W12: 39.6 | X12: -13.617 | AC12: 96.211227 | AD12: =X24 -> -2.377 | AF12: 0.9 | AG12: 3848.3752 | AH12: =AG12-MAX($AG$3:$AG$2353) -> -12.4848
A13: E9 | C13: 39.615504 | D13: 3847.241 | E13: =C13 -> 39.615504 | F13: =D13-MAX($D$5:$D$52) -> -13.617 | W13: 44.6 | X13: -12.96 | AC13: 99.095846 | AD13: -2.452 | AF13: 1 | AG13: 3848.378 | AH13: =AG13-MAX($AG$3:$AG$2353) -> -12.482
A14: E10 | C14: 44.572151 | D14: 3847.898 | E14: =C14 -> 44.572151 | F14: =D14-MAX($D$5:$D$52) -> -12.96 | W14: 49.4 | X14: -11.521 | AC14: 101.98046 | AD14: =X25 -> -1.683 | AF14: 1.1 | AG14: 3848.3808 | AH14: =AG14-MAX($AG$3:$AG$2353) -> -12.4792
A15: E11 | C15: 49.360604 | D15: 3849.337 | E15: =C15 -> 49.360604 | F15: =D15-MAX($D$5:$D$52) -> -11.521 | W15: 54.3 | X15: -10.635 | AC15: 104.86508 | AD15: -1.694 | AF15: 1.2 | AG15: 3848.3836 | AH15: =AG15-MAX($AG$3:$AG$2353) -> -12.4764
A16: E12 | C16: 54.281478 | D16: 3850.223 | E16: =C16 -> 54.281478 | F16: =D16-MAX($D$5:$D$52) -> -10.635 | W16: 59.3 | X16: -11.189 | AC16: 107.7497 | AD16: -1.3 | AF16: 1.3 | AG16: 3848.3864 | AH16: =AG16-MAX($AG$3:$AG$2353) -> -12.4736
A17: E13 | C17: 59.250692 | D17: 3849.669 | E17: =C17 -> 59.250692 | F17: =D17-MAX($D$5:$D$52) -> -11.189 | W17: 63.6 | X17: -8.643 | AC17: 110.63432 | AD17: -0.7 | AF17: 1.4 | AG17: 3848.3892 | AH17: =AG17-MAX($AG$3:$AG$2353) -> -12.4708
A18: E14 | C18: 63.553933 | D18: 3852.215 | E18: =C18 -> 63.553933 | F18: =D18-MAX($D$5:$D$52) -> -8.643 | N18: RST original | Q18: RST | R18: ERT | S18: depth | T18: diff | U18: depth ERT | W18: 68.1 | X18: -6.638 | Z18: 68.1 | AA18: =X18 -> -6.638 | AC18: 113.51894 | AD18: -0.5 | AF18: 1.5 | AG18: 3848.392 | AH18: =AG18-MAX($AG$3:$AG$2353) -> -12.468
A19: E15 | B19: offset | C19: 68.134323 | D19: 3854.22 | E19: =C19 -> 68.134323 | F19: =D19-MAX($D$5:$D$52) -> -6.638 | G19: 68.134323 | H19: 3854.22 | I19: =H19-MAX($D$5:$D$52) -> -6.638 | J19: =G19-C19 -> 0 | K19: =G19-J19 -> 68.134323 | L19: =H19 -> 3854.22 | N19: -5 | O19: 3855.2 | Q19: =Q20+N19 -> 68.134279 | R19: =C19 -> 68.134323 | S19: =L19 -> 3854.22 | U19: =H19 -> 3854.22 | W19: 73.1 | X19: -6.659 | Z19: 70.6 | AA19: -6.65 | AC19: 116.40356 | AD19: =X28 -> -1.295 | AF19: 1.6 | AG19: 3848.3948 | AH19: =AG19-MAX($AG$3:$AG$2353) -> -12.4652
A20: E16 | B20: G1 | C20: 73.134279 | D20: 3854.199 | E20: =C20 -> 73.134279 | F20: =D20-MAX($D$5:$D$52) -> -6.659 | G20: 73.134279 | H20: 3854.199 | I20: =H20-MAX($D$5:$D$52) -> -6.659 | J20: =G20-C20 -> 0 | K20: =G20-J20 -> 73.134279 | L20: =H20 -> 3854.199 | N20: 0 | O20: 3855.2 | Q20: 73.134279 | R20: =C20 -> 73.134279 | S20: =L20 -> 3854.199 | U20: =H20 -> 3854.199 | W20: 77 | X20: -3.501 | Z20: 73.1 | AA20: -6.66 | AC20: 119.28818 | AD20: -1.6 | AF20: 1.7 | AG20: 3848.3976 | AH20: =AG20-MAX($AG$3:$AG$2353) -> -12.4624
A21: E17 | B21: G2 | C21: 77.010751 | D21: 3857.357 | E21: =C21 -> 77.010751 | F21: =D21-MAX($D$5:$D$52) -> -3.501 | G21: 77.010751 | H21: 3856.0938 | I21: =H21-MAX($D$5:$D$52) -> -4.7642 | J21: =G21-C21 -> 0 | K21: =$K$20+N21 -> 76.018897 | L21: =H21 -> 3856.0938 | N21: 2.8846185 | O21: 3857.36 | Q21: =Q20+$N$21 -> 76.018897 | R21: =C21 -> 77.010751 | T21: =Q21-R21 -> -0.99185359 | U21: =H21 -> 3856.0938 | W21: 81.9 | X21: =AD7 -> -1.5 | Z21: 75.05 | AA21: -5.08 | AC21: 122.17279 | AD21: -1.5904 | AF21: 1.8 | AG21: 3848.4004 | AH21: =AG21-MAX($AG$3:$AG$2353) -> -12.4596
A22: E18 | B22: G3 | C22: 81.931985 | D22: 3860.492 | E22: =C22 -> 81.931985 | F22: =D22-MAX($D$5:$D$52) -> -0.366 | G22: 81.931985 | H22: 3859.238 | I22: =H22-MAX($D$5:$D$52) -> -1.62 | J22: =G22-C22 -> 0 | K22: =$K$20+N22 -> 78.99238 | L22: =H22 -> 3859.238 | N22: 5.8581007 | O22: 3857.69 | Q22: =Q21+$N$21 -> 78.903516 | R22: =C22 -> 81.931985 | T22: =Q22-R22 -> -3.0284691 | U22: =H22 -> 3859.238 | W22: 86.8 | X22: -3.107 | Z22: 77 | AA22: =X20 -> -3.501 | AC22: 125.05741 | AD22: -1.4 | AF22: 1.9 | AG22: 3848.4032 | AH22: =AG22-MAX($AG$3:$AG$2353) -> -12.4568
A23: E19 | B23: G4 | C23: 86.765898 | D23: 3857.751 | E23: =C23 -> 86.765898 | F23: =D23-MAX($D$5:$D$52) -> -3.107 | G23: 86.765898 | H23: 3858.8474 | I23: =H23-MAX($D$5:$D$52) -> -2.0106 | J23: =G23-C23 -> 0 | K23: =$K$20+N23 -> 81.915456 | L23: =H23 -> 3858.8474 | N23: 8.7811769 | O23: 3857.75 | Q23: =Q22+$N$21 -> 81.788134 | R23: =C23 -> 86.765898 | T23: =Q23-R23 -> -4.9777637 | U23: =H23 -> 3858.8474 | W23: 91.8 | X23: -2.783 | Z23: 79.45 | AA23: -1.93 | AC23: 127.94203 | AD23: -0.8 | AF23: 2 | AG23: 3848.406 | AH23: =AG23-MAX($AG$3:$AG$2353) -> -12.454
A24: E20 | B24: G5 | C24: 91.755389 | D24: 3858.075 | E24: =C24 -> 91.755389 | F24: =D24-MAX($D$5:$D$52) -> -2.783 | G24: 91.755389 | H24: 3857.9454 | I24: =H24-MAX($D$5:$D$52) -> -2.9126 | J24: =G24-C24 -> 0 | K24: =$K$20+N24 -> 84.813088 | L24: =H24 -> 3857.9454 | N24: 11.678809 | O24: 3858.08 | Q24: =Q23+$N$21 -> 84.672753 | R24: =C24 -> 91.755389 | T24: =Q24-R24 -> -7.0826365 | U24: =H24 -> 3857.9454 | W24: 96.7 | X24: -2.377 | Z24: 81.9 | AA24: =X21 -> -1.5 | AC24: 130.82665 | AD24: 0 | AF24: 2.1 | AG24: 3848.4088 | AH24: =AG24-MAX($AG$3:$AG$2353) -> -12.4512
A25: E21 | B25: G6 | C25: 96.738879 | D25: 3858.481 | E25: =C25 -> 96.738879 | F25: =D25-MAX($D$5:$D$52) -> -2.377 | G25: 96.738879 | H25: 3858.3186 | I25: =H25-MAX($D$5:$D$52) -> -2.5394 | J25: =G25-C25 -> 0 | K25: =$K$20+N25 -> 86.622384 | L25: =H25 -> 3858.3186 | N25: 13.488105 | O25: 3858.48 | Q25: =Q24+$N$21 -> 87.557372 | R25: =C25 -> 96.738879 | T25: =Q25-R25 -> -9.1815071 | U25: =H25 -> 3858.3186 | W25: 101.7 | X25: -1.683 | Z25: 84.35 | AA25: -1.74 | AC25: 133.71127 | AD25: -0.6 | AF25: 2.2 | AG25: 3848.4116 | AH25: =AG25-MAX($AG$3:$AG$2353) -> -12.4484
A26: E22 | B26: G7 | C26: 101.69048 | D26: 3859.175 | E26: =C26 -> 101.69048 | F26: =D26-MAX($D$5:$D$52) -> -1.683 | G26: 101.69048 | H26: 3858.8974 | I26: =H26-MAX($D$5:$D$52) -> -1.9606 | J26: =G26-C26 -> 0 | K26: =$K$20+N26 -> 89.469326 | L26: =H26 -> 3858.8974 | N26: 16.335048 | O26: 3859.18 | Q26: =Q25+$N$21 -> 90.44199 | R26: =C26 -> 101.69048 | T26: =Q26-R26 -> -11.248491 | U26: =H26 -> 3858.8974 | W26: 106.7 | X26: -1.284 | Z26: 86.8 | AA26: =X22 -> -3.107 | AC26: 136.59589 | AD26: =X32 -> -1.189 | AF26: 2.3 | AG26: 3848.4144 | AH26: =AG26-MAX($AG$3:$AG$2353) -> -12.4456
A27: E23 | B27: G8 | C27: 106.67454 | D27: 3859.574 | E27: =C27 -> 106.67454 | F27: =D27-MAX($D$5:$D$52) -> -1.284 | G27: 106.67454 | H27: 3859.4144 | I27: =H27-MAX($D$5:$D$52) -> -1.4436 | J27: =G27-C27 -> 0 | K27: =$K$20+N27 -> 92.445923 | L27: =H27 -> 3859.4144 | N27: 19.311644 | O27: 3859.57 | Q27: =Q26+$N$21 -> 93.326609 | R27: =C27 -> 106.67454 | T27: =Q27-R27 -> -13.347927 | U27: =H27 -> 3859.4144 | W27: 111.6 | X27: -0.205 | Z27: 89.3 | AA27: -2.95 | AC27: 139.4805 | AD27: =-1.6 -> -1.6 | AF27: 2.4 | AG27: 3848.4172 | AH27: =AG27-MAX($AG$3:$AG$2353) -> -12.4428
A28: E24 | B28: G9 | C28: 111.55672 | D28: 3860.653 | E28: =C28 -> 111.55672 | F28: =D28-MAX($D$5:$D$52) -> -0.205 | G28: 111.55672 | H28: 3860.2214 | I28: =H28-MAX($D$5:$D$52) -> -0.6366 | J28: =G28-C28 -> 0 | K28: =$K$20+N28 -> 95.410756 | L28: =H28 -> 3860.2214 | N28: 22.276477 | O28: 3860.65 | Q28: =Q27+$N$21 -> 96.211227 | R28: =C28 -> 111.55672 | T28: =Q28-R28 -> -15.345496 | U28: =H28 -> 3860.2214 | W28: 116.4 | X28: -1.295 | Z28: 91.8 | AA28: -2.78 | AC28: 142.36512 | AD28: -2.4 | AF28: 2.5 | AG28: 3848.42 | AH28: =AG28-MAX($AG$3:$AG$2353) -> -12.44
A29: E25 | B29: G10 | C29: 116.43647 | D29: 3859.563 | E29: =C29 -> 116.43647 | F29: =D29-MAX($D$5:$D$52) -> -1.295 | G29: 116.43647 | H29: 3859.999 | I29: =H29-MAX($D$5:$D$52) -> -0.859 | J29: =G29-C29 -> 0 | K29: =$K$20+N29 -> 98.320584 | L29: =H29 -> 3859.999 | N29: 25.186305 | O29: 3859.56 | Q29: =Q28+$N$21 -> 99.095846 | R29: =C29 -> 116.43647 | T29: =Q29-R29 -> -17.340621 | U29: =H29 -> 3859.999 | W29: 121.4 | X29: -1.957 | Z29: 94.25 | AA29: -2.58 | AF29: 2.6 | AG29: 3848.4228 | AH29: =AG29-MAX($AG$3:$AG$2353) -> -12.4372
A30: E26 | B30: G11 | C30: 121.39245 | D30: 3858.901 | E30: =C30 -> 121.39245 | F30: =D30-MAX($D$5:$D$52) -> -1.957 | G30: 121.39245 | H30: 3859.1658 | I30: =H30-MAX($D$5:$D$52) -> -1.6922 | J30: =G30-C30 -> 0 | K30: =$K$20+N30 -> 101.21333 | L30: =H30 -> 3859.1658 | N30: 28.07905 | O30: 3858.9 | Q30: =Q29+$N$21 -> 101.98046 | R30: =C30 -> 121.39245 | T30: =Q30-R30 -> -19.411985 | U30: =H30 -> 3859.1658 | W30: 126.3 | X30: -0.955 | Z30: 96.7 | AA30: -2.38 | AF30: 2.7 | AG30: 3848.4256 | AH30: =AG30-MAX($AG$3:$AG$2353) -> -12.4344
A31: E27 | B31: G12 | C31: 126.29102 | D31: 3859.903 | E31: =C31 -> 126.29102 | F31: =D31-MAX($D$5:$D$52) -> -0.955 | G31: 126.29102 | H31: 3859.5022 | I31: =H31-MAX($D$5:$D$52) -> -1.3558 | J31: =G31-C31 -> 0 | K31: =$K$20+N31 -> 103.25509 | L31: =H31 -> 3859.5022 | N31: 30.120813 | O31: 3859.9 | Q31: =Q30+$N$21 -> 104.86508 | R31: =C31 -> 126.29102 | T31: =Q31-R31 -> -21.425937 | U31: =H31 -> 3859.5022 | W31: 131.2 | X31: 0 | Z31: 99.2 | AA31: -2.03 | AF31: 2.8 | AG31: 3848.4284 | AH31: =AG31-MAX($AG$3:$AG$2353) -> -12.4316
A32: E28 | B32: G13 | C32: 131.19897 | D32: 3860.858 | E32: =C32 -> 131.19897 | F32: =D32-MAX($D$5:$D$52) -> 0 | G32: 131.19897 | H32: 3860.476 | I32: =H32-MAX($D$5:$D$52) -> -0.382 | J32: =G32-C32 -> 0 | K32: =$K$20+N32 -> 106.21056 | L32: =H32 -> 3860.476 | N32: 33.076278 | O32: 3860.86 | Q32: =Q31+$N$21 -> 107.7497 | R32: =C32 -> 131.19897 | T32: =Q32-R32 -> -23.449269 | U32: =H32 -> 3860.476 | W32: 136.1 | X32: -1.189 | Z32: 101.7 | AA32: -1.68 | AF32: 2.9 | AG32: 3848.4312 | AH32: =AG32-MAX($AG$3:$AG$2353) -> -12.4288
A33: E29 | B33: G14 | C33: 136.05554 | D33: 3859.669 | E33: =C33 -> 136.05554 | F33: =D33-MAX($D$5:$D$52) -> -1.189 | G33: 136.05554 | H33: 3860.1446 | I33: =H33-MAX($D$5:$D$52) -> -0.7134 | J33: =G33-C33 -> 0 | K33: =$K$20+N33 -> 109.19944 | L33: =H33 -> 3860.1446 | N33: 36.065164 | O33: 3859.67 | Q33: =Q32+$N$21 -> 110.63432 | R33: =C33 -> 136.05554 | T33: =Q33-R33 -> -25.421221 | U33: =H33 -> 3860.1446 | W33: 141 | X33: -2.176 | Z33: 104.2 | AA33: -1.48 | AF33: 3 | AG33: 3848.434 | AH33: =AG33-MAX($AG$3:$AG$2353) -> -12.426
A34: E30 | B34: G15 | C34: 140.95716 | D34: 3858.682 | E34: =C34 -> 140.95716 | F34: =D34-MAX($D$5:$D$52) -> -2.176 | G34: 140.95716 | H34: 3859.0768 | I34: =H34-MAX($D$5:$D$52) -> -1.7812 | J34: =G34-C34 -> 0 | K34: =$K$20+N34 -> 112.02396 | L34: =H34 -> 3859.0768 | N34: 38.889678 | O34: 3858.68 | Q34: =Q33+$N$21 -> 113.51894 | R34: =C34 -> 140.95716 | T34: =Q34-R34 -> -27.438218 | U34: =H34 -> 3859.0768 | W34: 145.8 | X34: -3.295 | Z34: 106.7 | AA34: -1.28 | AF34: 3.1 | AG34: 3848.4368 | AH34: =AG34-MAX($AG$3:$AG$2353) -> -12.4232
A35: E31 | B35: G16 | C35: 145.83033 | D35: 3857.563 | E35: =C35 -> 145.83033 | F35: =D35-MAX($D$5:$D$52) -> -3.295 | G35: 145.83033 | H35: 3858.0106 | I35: =H35-MAX($D$5:$D$52) -> -2.8474 | J35: =G35-C35 -> 0 | K35: =$K$20+N35 -> 114.80624 | L35: =H35 -> 3858.0106 | N35: 41.671964 | O35: 3857.56 | Q35: =Q34+$N$21 -> 116.40356 | R35: =C35 -> 145.83033 | T35: =Q35-R35 -> -29.426774 | U35: =H35 -> 3858.0106 | W35: 150.8 | X35: -2.639 | Z35: 109.15 | AA35: -0.74 | AF35: 3.2 | AG35: 3848.4396 | AH35: =AG35-MAX($AG$3:$AG$2353) -> -12.4204
A36: E32 | B36: G17 | C36: 150.78711 | D36: 3858.219 | E36: =C36 -> 150.78711 | F36: =D36-MAX($D$5:$D$52) -> -2.639 | G36: 150.78711 | H36: 3857.9566 | I36: =H36-MAX($D$5:$D$52) -> -2.9014 | J36: =G36-C36 -> 0 | K36: =$K$20+N36 -> 117.71757 | L36: =H36 -> 3857.9566 | N36: 44.583291 | O36: 3858.22 | Q36: =Q35+$N$21 -> 119.28818 | R36: =C36 -> 150.78711 | T36: =Q36-R36 -> -31.498936 | U36: =H36 -> 3857.9566 | W36: 155.8 | X36: -3.047 | Z36: 111.6 | AA36: -0.2 | AF36: 3.3 | AG36: 3848.4424 | AH36: =AG36-MAX($AG$3:$AG$2353) -> -12.4176
A37: E33 | B37: G18 | C37: 155.77044 | D37: 3857.811 | E37: =C37 -> 155.77044 | F37: =D37-MAX($D$5:$D$52) -> -3.047 | G37: 155.77044 | H37: 3857.9742 | I37: =H37-MAX($D$5:$D$52) -> -2.8838 | J37: =G37-C37 -> 0 | K37: =$K$20+N37 -> 119.05175 | L37: =H37 -> 3857.9742 | N37: 45.917469 | O37: 3857.81 | Q37: =Q36+$N$21 -> 122.17279 | R37: =C37 -> 155.77044 | T37: =Q37-R37 -> -33.597643 | U37: =H37 -> 3857.9742 | W37: 160.8 | X37: -3.021 | Z37: 114 | AA37: -0.75 | AF37: 3.4 | AG37: 3848.4452 | AH37: =AG37-MAX($AG$3:$AG$2353) -> -12.4148
A38: E34 | B38: G19 | C38: 160.77037 | D38: 3857.837 | E38: =C38 -> 160.77037 | F38: =D38-MAX($D$5:$D$52) -> -3.021 | G38: 160.77037 | H38: 3857.8266 | I38: =H38-MAX($D$5:$D$52) -> -3.0314 | J38: =G38-C38 -> 0 | K38: =$K$20+N38 -> 121.49131 | L38: =H38 -> 3857.8266 | N38: 48.357035 | O38: 3857.84 | Q38: =Q37+$N$21 -> 125.05741 | R38: =C38 -> 160.77037 | T38: =Q38-R38 -> -35.712957 | U38: =H38 -> 3857.8266 | W38: 165.4 | X38: -5.009 | Z38: 116.4 | AA38: -1.29 | AF38: 3.5 | AG38: 3848.448 | AH38: =AG38-MAX($AG$3:$AG$2353) -> -12.412
A39: E35 | B39: G20 | C39: 165.35816 | D39: 3855.849 | E39: =C39 -> 165.35816 | F39: =D39-MAX($D$5:$D$52) -> -5.009 | G39: 165.35816 | H39: 3856.6442 | I39: =H39-MAX($D$5:$D$52) -> -4.2138 | J39: =G39-C39 -> 0 | K39: =$K$20+N39 -> 124.47968 | L39: =H39 -> 3856.6442 | N39: 51.345397 | O39: 3857.85 | Q39: =Q38+$N$21 -> 127.94203 | R39: =C39 -> 165.35816 | T39: =Q39-R39 -> -37.416132 | U39: =H39 -> 3856.6442 | W39: 170 | X39: -3.047 | Z39: 118.9 | AA39: -1.63 | AF39: 3.6 | AG39: 3848.4508 | AH39: =AG39-MAX($AG$3:$AG$2353) -> -12.4092
A40: E36 | B40: G21 | C40: 169.95714 | D40: 3857.811 | E40: =C40 -> 169.95714 | F40: =D40-MAX($D$5:$D$52) -> -3.047 | G40: 169.95714 | H40: 3857.0262 | I40: =H40-MAX($D$5:$D$52) -> -3.8318 | J40: =G40-C40 -> 0 | K40: =$K$20+N40 -> 127.32893 | L40: =H40 -> 3857.0262 | N40: 54.194656 | O40: 3857.81 | Q40: =Q39+$N$21 -> 130.82665 | R40: =C40 -> 169.95714 | T40: =Q40-R40 -> -39.130487 | U40: =H40 -> 3857.0262 | W40: 174.9 | X40: -3.481 | Z40: 121.4 | AA40: -1.96 | AF40: 3.7 | AG40: 3848.4536 | AH40: =AG40-MAX($AG$3:$AG$2353) -> -12.4064
... A42: E38 | B42: G23 | C42: 179.71913 | D42: 3855.913 | E42: =C42 -> 179.71913 | F42: =D42-MAX($D$5:$D$52) -> -4.945 | G42: 179.71913 | H42: 3856.4986 | I42: =H42-MAX($D$5:$D$52) -> -4.3594 | J42: =G42-C42 -> 0 | K42: =$K$20+N42 -> 132.51414 | L42: =H42 -> 3856.4986 | N42: 59.379861 | O42: 3855.91 | Q42: =Q41+$N$21 -> 136.59589 | R42: =C42 -> 179.71913 | T42: =Q42-R42 -> -43.123248 | U42: =H42 -> 3856.4986 | W42: 184.6 | X42: -6.015 | Z42: 126.3 | AA42: -0.95 | AF42: 3.9 | AG42: 3848.4592 | AH42: =AG42-MAX($AG$3:$AG$2353) -> -12.4008
A43: E39 | B43: G24 | C43: 184.6033 | D43: 3854.843 | E43: =C43 -> 184.6033 | F43: =D43-MAX($D$5:$D$52) -> -6.015 | G43: 184.6033 | H43: 3855.271 | I43: =H43-MAX($D$5:$D$52) -> -5.587 | J43: =I44-I43 -> 0.463 | K43: =$K$20+N43 -> 135.4525 | L43: =H43 -> 3855.271 | N43: 62.318224 | O43: 3854.84 | Q43: =Q42+$N$21 -> 139.4805 | R43: =C43 -> 184.6033 | T43: =Q43-R43 -> -45.122797 | U43: =H43 -> 3855.271 | W43: 189.4 | X43: -4.53 | Z43: 128.75 | AA43: -0.48 | AF43: 4 | AG43: 3848.462 | AH43: =AG43-MAX($AG$3:$AG$2353) -> -12.398
A44: E40 | B44: offset | C44: 189.37769 | D44: 3856.328 | E44: =C44 -> 189.37769 | F44: =D44-MAX($D$5:$D$52) -> -4.53 | G44: 189.37769 | H44: 3855.734 | I44: =H44-MAX($D$5:$D$52) -> -5.124 | J44: =G44-C44 -> 0 | K44: =$K$20+N44 -> 147.13428 | L44: =H44 -> 3855.734 | N44: 74 | O44: 3855.33 | Q44: =Q43+$N$21 -> 142.36512 | R44: =C44 -> 189.37769 | T44: =Q44-R44 -> -47.012566 | U44: =H44 -> 3855.734 | W44: 194.3 | X44: -5.438 | Z44: 131.2 | AA44: 0 | AF44: 4.1 | AG44: 3848.4648 | AH44: =AG44-MAX($AG$3:$AG$2353) -> -12.3952
A45: E41 | C45: 194.29455 | D45: 3855.42 | E45: =C45 -> 194.29455 | F45: =D45-MAX($D$5:$D$52) -> -5.438 | W45: 199.3 | X45: -5.496 | Z45: 133.65 | AA45: -0.59 | AF45: 4.2 | AG45: 3848.4676 | AH45: =AG45-MAX($AG$3:$AG$2353) -> -12.3924
A46: E42 | C46: 199.29422 | D46: 3855.362 | E46: =C46 -> 199.29422 | F46: =D46-MAX($D$5:$D$52) -> -5.496 | W46: 204.2 | X46: -6.38 | Z46: 136.1 | AA46: -1.19 | AF46: 4.3 | AG46: 3848.4704 | AH46: =AG46-MAX($AG$3:$AG$2353) -> -12.3896
A47: E43 | C47: 204.21545 | D47: 3854.478 | E47: =C47 -> 204.21545 | F47: =D47-MAX($D$5:$D$52) -> -6.38 | W47: 209.2 | X47: -6.7 | Z47: 138.55 | AA47: -1.68 | AF47: 4.4 | AG47: 3848.4732 | AH47: =AG47-MAX($AG$3:$AG$2353) -> -12.3868
A48: E44 | C48: 209.2052 | D48: 3854.158 | E48: =C48 -> 209.2052 | F48: =D48-MAX($D$5:$D$52) -> -6.7 | W48: 214 | X48: -8.238 | Z48: 141 | AA48: -2.18 | AF48: 4.5 | AG48: 3848.476 | AH48: =AG48-MAX($AG$3:$AG$2353) -> -12.384
A49: E45 | C49: 213.96278 | D49: 3852.62 | E49: =C49 -> 213.96278 | F49: =D49-MAX($D$5:$D$52) -> -8.238 | W49: 218.9 | X49: -7.876 | Z49: 143.4 | AA49: -2.74 | AF49: 4.6 | AG49: 3848.4788 | AH49: =AG49-MAX($AG$3:$AG$2353) -> -12.3812
A50: E46 | C50: 218.94966 | D50: 3852.982 | E50: =C50 -> 218.94966 | F50: =D50-MAX($D$5:$D$52) -> -7.876 | W50: 223.9 | X50: -8.118 | Z50: 145.8 | AA50: -3.29 | AF50: 4.7 | AG50: 3848.4816 | AH50: =AG50-MAX($AG$3:$AG$2353) -> -12.3784
A51: E47 | C51: 223.9438 | D51: 3852.74 | E51: =C51 -> 223.9438 | F51: =D51-MAX($D$5:$D$52) -> -8.118 | W51: 228.9 | X51: -7.282 | Z51: 148.3 | AA51: -2.97 | AF51: 4.8 | AG51: 3848.4844 | AH51: =AG51-MAX($AG$3:$AG$2353) -> -12.3756
A52: E48 | C52: 228.87341 | D52: 3853.576 | E52: =C52 -> 228.87341 | F52: =D52-MAX($D$5:$D$52) -> -7.282 | Z52: 150.8 | AA52: -2.64 | AF52: 4.9 | AG52: 3848.4872 | AH52: =AG52-MAX($AG$3:$AG$2353) -> -12.3728
Z53: 153.3 | AA53: -2.84 | AF53: 5 | AG53: 3848.49 | AH53: =AG53-MAX($AG$3:$AG$2353) -> -12.37
Z54: 155.8 | AA54: -3.05 | AF54: 5.1 | AG54: 3848.467 | AH54: =AG54-MAX($AG$3:$AG$2353) -> -12.393
Z55: 158.3 | AA55: -3.03 | AF55: 5.2 | AG55: 3848.444 | AH55: =AG55-MAX($AG$3:$AG$2353) -> -12.416
Z56: 160.8 | AA56: -3.02 | AF56: 5.3 | AG56: 3848.421 | AH56: =AG56-MAX($AG$3:$AG$2353) -> -12.439
Z57: 163.1 | AA57: -4.02 | AF57: 5.4 | AG57: 3848.398 | AH57: =AG57-MAX($AG$3:$AG$2353) -> -12.462
Z58: 165.4 | AA58: -5.01 | AF58: 5.5 | AG58: 3848.375 | AH58: =AG58-MAX($AG$3:$AG$2353) -> -12.485
Z59: 167.7 | AA59: -4.03 | AF59: 5.6 | AG59: 3848.352 | AH59: =AG59-MAX($AG$3:$AG$2353) -> -12.508
Z60: 170 | AA60: -3.05 | AF60: 5.7 | AG60: 3848.329 | AH60: =AG60-MAX($AG$3:$AG$2353) -> -12.531
Z61: 172.45 | AA61: -3.26 | AF61: 5.8 | AG61: 3848.306 | AH61: =AG61-MAX($AG$3:$AG$2353) -> -12.554
Z62: 174.9 | AA62: -3.48 | AF62: 5.9 | AG62: 3848.283 | AH62: =AG62-MAX($AG$3:$AG$2353) -> -12.577
Z63: 177.3 | AA63: -4.21 | AF63: 6 | AG63: 3848.26 | AH63: =AG63-MAX($AG$3:$AG$2353) -> -12.6
Z64: 179.7 | AA64: -4.95 | AF64: 6.1 | AG64: 3848.237 | AH64: =AG64-MAX($AG$3:$AG$2353) -> -12.623
... Z68: 189.4 | AA68: -4.53 | AF68: 6.5 | AG68: 3848.145 | AH68: =AG68-MAX($AG$3:$AG$2353) -> -12.715
AF69: 6.6 | AG69: 3848.122 | AH69: =AG69-MAX($AG$3:$AG$2353) -> -12.738
AF70: 6.7 | AG70: 3848.099 | AH70: =AG70-MAX($AG$3:$AG$2353) -> -12.761
AF71: 6.8 | AG71: 3848.076 | AH71: =AG71-MAX($AG$3:$AG$2353) -> -12.784
AF72: 6.9 | AG72: 3848.053 | AH72: =AG72-MAX($AG$3:$AG$2353) -> -12.807
AF73: 7 | AG73: 3848.03 | AH73: =AG73-MAX($AG$3:$AG$2353) -> -12.83
AF74: 7.1 | AG74: 3848.007 | AH74: =AG74-MAX($AG$3:$AG$2353) -> -12.853
AF75: 7.2 | AG75: 3847.984 | AH75: =AG75-MAX($AG$3:$AG$2353) -> -12.876
AF76: 7.3 | AG76: 3847.961 | AH76: =AG76-MAX($AG$3:$AG$2353) -> -12.899
AF77: 7.4 | AG77: 3847.938 | AH77: =AG77-MAX($AG$3:$AG$2353) -> -12.922
AF78: 7.5 | AG78: 3847.915 | AH78: =AG78-MAX($AG$3:$AG$2353) -> -12.945
AF79: 7.6 | AG79: 3847.892 | AH79: =AG79-MAX($AG$3:$AG$2353) -> -12.968
AF80: 7.7 | AG80: 3847.869 | AH80: =AG80-MAX($AG$3:$AG$2353) -> -12.991
... AF2353: 235 | AG2353: 3852.58 | AH2353: =AG2353-MAX($AG$3:$AG$2353) -> -8.28

Sheet KUM01
A1: G1 = E16, G22 = E39 | D1: ERT | F1: RST | I1: ERT true | K1: RST true PJI | M1: RST normal topo | O1: ERT | Q1: RST | T1: RST
A2: ERT = 5m spacing | C2: Electrode | D2: x | E2: z | F2: geophone | G2: x | H2: z | I2: x | J2: z | T2: 70 | U2: -3.5 | V2: =U2 -> -3.5
A3: RST = 3m spacing | C3: E1 | D3: 0 | E3: 3534.206 | I3: 0 | J3: =E3 -> 3534.206 | O3: =I3 -> 0 | P3: =J3-MAX($J$3:$J$50) -> -6.242 | T3: 72.5 | U3: -3.28 | V3: =U3 -> -3.28
C4: E2 | D4: 5 | E4: 3534.063 | I4: =I3+(SQRT((D4-D3)^2-(E4-E3)^2)) -> 4.9979547 | J4: =E4 -> 3534.063 | O4: =I4 -> 4.9979547 | P4: =J4-MAX($J$3:$J$50) -> -6.385 | T4: 75 | U4: -3.05 | V4: =U4 -> -3.05
A5: ERT | C5: E3 | D5: 10 | E5: 3534.913 | I5: =I4+(SQRT((D5-D4)^2-(E5-E4)^2)) -> 9.925175 | J5: =E5 -> 3534.913 | O5: =I5 -> 9.925175 | P5: =J5-MAX($J$3:$J$50) -> -5.535 | T5: 76.48 | U5: -2.81 | V5: =U5 -> -2.81
C6: E4 | D6: 15 | E6: 3534.405 | I6: =I5+(SQRT((D6-D5)^2-(E6-E5)^2)) -> 14.899302 | J6: =E6 -> 3534.405 | O6: =I6 -> 14.899302 | P6: =J6-MAX($J$3:$J$50) -> -6.043 | T6: 77.96 | U6: -2.57 | V6: =U6 -> -2.57
C7: E5 | D7: 20 | E7: 3534.662 | I7: =I6+(SQRT((D7-D6)^2-(E7-E6)^2)) -> 19.892692 | J7: =E7 -> 3534.662 | O7: =I7 -> 19.892692 | P7: =J7-MAX($J$3:$J$50) -> -5.786 | T7: 79.46 | U7: -2.43 | V7: =U7 -> -2.43
C8: E6 | D8: 25 | E8: 3535.698 | I8: =I7+(SQRT((D8-D7)^2-(E8-E7)^2)) -> 24.784185 | J8: =E8 -> 3535.698 | O8: =I8 -> 24.784185 | P8: =J8-MAX($J$3:$J$50) -> -4.75 | T8: 80.96 | U8: -2.3 | V8: =U8 -> -2.3
C9: E7 | D9: 30 | E9: 3536.068 | I9: =I8+(SQRT((D9-D8)^2-(E9-E8)^2)) -> 29.770477 | J9: =E9 -> 3536.068 | O9: =I9 -> 29.770477 | P9: =J9-MAX($J$3:$J$50) -> -4.38 | T9: 82.44 | U9: -2.55 | V9: =U9 -> -2.55
C10: E8 | D10: 35 | E10: 3536.397 | I10: =I9+(SQRT((D10-D9)^2-(E10-E9)^2)) -> 34.759641 | J10: =E10 -> 3536.397 | O10: =I10 -> 34.759641 | P10: =J10-MAX($J$3:$J$50) -> -4.051 | T10: 83.93 | U10: -2.998 | V10: =U10 -> -2.998
C11: E9 | D11: 40 | E11: 3535.996 | I11: =I10+(SQRT((D11-D10)^2-(E11-E10)^2)) -> 39.743535 | J11: =E11 -> 3535.996 | O11: =I11 -> 39.743535 | P11: =J11-MAX($J$3:$J$50) -> -4.452 | T11: 85.43 | U11: -2.85 | V11: =U11 -> -2.85
C12: E10 | D12: 45 | E12: 3535.806 | I12: =I11+(SQRT((D12-D11)^2-(E12-E11)^2)) -> 44.739923 | J12: =E12 -> 3535.806 | O12: =I12 -> 44.739923 | P12: =J12-MAX($J$3:$J$50) -> -4.642 | T12: 86.93 | U12: -2.83 | V12: =U12 -> -2.83
C13: E11 | D13: 50 | E13: 3536.835 | I13: =I12+(SQRT((D13-D12)^2-(E13-E12)^2)) -> 49.632894 | J13: =E13 -> 3536.835 | O13: =I13 -> 49.632894 | P13: =J13-MAX($J$3:$J$50) -> -3.613 | T13: 88.43 | U13: -2.72 | V13: =U13 -> -2.72
C14: E12 | D14: 55 | E14: 3536.797 | I14: =I13+(SQRT((D14-D13)^2-(E14-E13)^2)) -> 54.632749 | J14: =E14 -> 3536.797 | O14: =I14 -> 54.632749 | P14: =J14-MAX($J$3:$J$50) -> -3.651 | T14: 89.92 | U14: -2.61 | V14: =U14 -> -2.61
C15: E13 | D15: 60 | E15: 3538.164 | I15: =I14+(SQRT((D15-D14)^2-(E15-E14)^2)) -> 59.442252 | J15: =E15 -> 3538.164 | O15: =I15 -> 59.442252 | P15: =J15-MAX($J$3:$J$50) -> -2.284 | T15: 91.4 | U15: -2.36 | V15: =U15 -> -2.36
C16: E14 | D16: 65 | E16: 3538.51 | I16: =I15+(SQRT((D16-D15)^2-(E16-E15)^2)) -> 64.430266 | J16: =E16 -> 3538.51 | O16: =I16 -> 64.430266 | P16: =J16-MAX($J$3:$J$50) -> -1.938 | S16: adapted | T16: 92.88 | U16: -2.11 | V16: =U16 -> -2.11
C17: E15 | D17: 70 | E17: 3536.774 | I17: =I16+(SQRT((D17-D16)^2-(E17-E16)^2)) -> 69.119221 | J17: =E17 -> 3536.774 | O17: =I17 -> 69.119221 | P17: =J17-MAX($J$3:$J$50) -> -3.674 | Q17: 70 | R17: -3.5 | S17: =R17 -> -3.5 | T17: 94.37 | U17: -1.94 | V17: =U17 -> -1.94
C18: E16 | D18: 75 | E18: 3537.397 | F18: G1 | G18: 75 | H18: 3537.397 | I18: =I17+(SQRT((D18-D17)^2-(E18-E17)^2)) -> 74.080256 | J18: =E18 -> 3537.397 | K18: 75 | L18: =H18 -> 3537.397 | M18: 0 | N18: =L18 -> 3537.397 | O18: =I18 -> 74.080256 | P18: =J18-MAX($J$3:$J$50) -> -3.051 | Q18: =K18 -> 75 | R18: =L18-MAX($J$3:$J$50) -> -3.051 | S18: =R18 -> -3.051 | T18: 95.86 | U18: -1.77 | V18: =U18 -> -1.77
C19: E17 | D19: 80 | E19: 3538.151 | F19: G2 | G19: =G18+3 -> 78 | H19: 3537.88 | I19: =I18+(SQRT((D19-D18)^2-(E19-E18)^2)) -> 79.023078 | J19: =E19 -> 3538.151 | K19: =K18+(SQRT((G19-G18)^2-(H19-H18)^2)) -> 77.960863 | L19: =H19 -> 3537.88 | M19: =M18+(SQRT((G19-G18)^2-(H19-H18)^2)) -> 2.9608632 | N19: =L19 -> 3537.88 | O19: =I19 -> 79.023078 | P19: =U7 -> -2.43 | Q19: =K19 -> 77.960863 | R19: =L19-MAX($J$3:$J$50) -> -2.568 | S19: =R19 -> -2.568 | T19: 97.35 | U19: -1.92 | V19: =U19 -> -1.92
C20: E18 | D20: 85 | E20: 3537.45 | F20: G3 | G20: =G19+3 -> 81 | H20: 3538.06 | I20: =I19+(SQRT((D20-D19)^2-(E20-E19)^2)) -> 83.973694 | J20: =E20 -> 3537.45 | K20: =K19+(SQRT((G20-G19)^2-(H20-H19)^2)) -> 80.955458 | L20: =H20 -> 3538.06 | M20: =M19+(SQRT((G20-G19)^2-(H20-H19)^2)) -> 5.9554583 | N20: =L20 -> 3538.06 | O20: =I20 -> 83.973694 | P20: =J20-MAX($J$3:$J$50) -> -2.998 | Q20: =K20 -> 80.955458 | R20: =L20-MAX($J$3:$J$50) -> -2.388 | S20: =P19 -> -2.43 | T20: 98.85 | U20: -2.07 | V20: =U20 -> -2.07
C21: E19 | D21: 90 | E21: 3537.842 | F21: G4 | G21: =G20+3 -> 84 | H21: 3537.64 | I21: =I20+(SQRT((D21-D20)^2-(E21-E20)^2)) -> 88.958304 | J21: =E21 -> 3537.842 | K21: =K20+(SQRT((G21-G20)^2-(H21-H20)^2)) -> 83.925913 | L21: =H21 -> 3537.64 | M21: =M20+(SQRT((G21-G20)^2-(H21-H20)^2)) -> 8.9259129 | N21: =L21 -> 3537.64 | O21: =I21 -> 88.958304 | P21: =J21-MAX($J$3:$J$50) -> -2.606 | Q21: =K21 -> 83.925913 | R21: =L21-MAX($J$3:$J$50) -> -2.808 | S21: =R21 -> -2.808 | T21: 100.35 | U21: -2.17 | V21: =U21 -> -2.17
C22: E20 | D22: 95 | E22: 3538.673 | F22: G5 | G22: =G21+3 -> 87 | H22: 3537.62 | I22: =I21+(SQRT((D22-D21)^2-(E22-E21)^2)) -> 93.888764 | J22: =E22 -> 3538.673 | K22: =K21+(SQRT((G22-G21)^2-(H22-H21)^2)) -> 86.925846 | L22: =H22 -> 3537.62 | M22: =M21+(SQRT((G22-G21)^2-(H22-H21)^2)) -> 11.925846 | N22: =L22 -> 3537.62 | O22: =I22 -> 93.888764 | P22: =U17 -> -1.94 | Q22: =K22 -> 86.925846 | R22: =L22-MAX($J$3:$J$50) -> -2.828 | S22: =R22 -> -2.828 | T22: 101.85 | U22: -2.27 | V22: =U22 -> -2.27
C23: E21 | D23: 100 | E23: 3538.262 | F23: G6 | G23: =G22+3 -> 90 | H23: 3537.842 | I23: =I22+(SQRT((D23-D22)^2-(E23-E22)^2)) -> 98.871843 | J23: =E23 -> 3538.262 | K23: =K22+(SQRT((G23-G22)^2-(H23-H22)^2)) -> 89.917621 | L23: =H23 -> 3537.842 | M23: =M22+(SQRT((G23-G22)^2-(H23-H22)^2)) -> 14.917621 | N23: =L23 -> 3537.842 | O23: =I23 -> 98.871843 | P23: =J23-MAX($J$3:$J$50) -> -2.186 | Q23: =K23 -> 89.917621 | R23: =L23-MAX($J$3:$J$50) -> -2.606 | S23: =R23 -> -2.606 | T23: 103.34 | U23: -2.35 | V23: =U23 -> -2.35
C24: E22 | D24: 105 | E24: 3538.012 | F24: G7 | G24: =G23+3 -> 93 | H24: 3538.34 | I24: =I23+(SQRT((D24-D23)^2-(E24-E23)^2)) -> 103.86559 | J24: =E24 -> 3538.012 | K24: =K23+(SQRT((G24-G23)^2-(H24-H23)^2)) -> 92.875998 | L24: =H24 -> 3538.34 | M24: =M23+(SQRT((G24-G23)^2-(H24-H23)^2)) -> 17.875998 | N24: =L24 -> 3538.34 | O24: =I24 -> 103.86559 | P24: =J24-MAX($J$3:$J$50) -> -2.436 | Q24: =K24 -> 92.875998 | R24: =L24-MAX($J$3:$J$50) -> -2.108 | S24: =R24 -> -2.108 | T24: 104.84 | U24: -2.44 | V24: =U24 -> -2.44
C25: E23 | D25: 110 | E25: 3537.81 | F25: G8 | G25: =G24+3 -> 96 | H25: 3538.62 | I25: =I24+(SQRT((D25-D24)^2-(E25-E24)^2)) -> 108.86151 | J25: =E25 -> 3537.81 | K25: =K24+(SQRT((G25-G24)^2-(H25-H24)^2)) -> 95.862903 | L25: =H25 -> 3538.62 | M25: =M24+(SQRT((G25-G24)^2-(H25-H24)^2)) -> 20.862903 | N25: =L25 -> 3538.62 | O25: =I25 -> 108.86151 | P25: =J25-MAX($J$3:$J$50) -> -2.638 | Q25: =K25 -> 95.862903 | R25: =L25-MAX($J$3:$J$50) -> -1.828 | S25: =P22 -> -1.94 | T25: 106.34 | U25: -2.5 | V25: =U25 -> -2.5
C26: E24 | D26: 115 | E26: 3539.223 | F26: G9 | G26: =G25+3 -> 99 | H26: 3538.38 | I26: =I25+(SQRT((D26-D25)^2-(E26-E25)^2)) -> 113.6577 | J26: =E26 -> 3539.223 | K26: =K25+(SQRT((G26-G25)^2-(H26-H25)^2)) -> 98.853288 | L26: =H26 -> 3538.38 | M26: =M25+(SQRT((G26-G25)^2-(H26-H25)^2)) -> 23.853288 | N26: =L26 -> 3538.38 | O26: =T31 -> 115.2 | P26: =J26-MAX($J$3:$J$50) -> -1.225 | Q26: =K26 -> 98.853288 | R26: =L26-MAX($J$3:$J$50) -> -2.068 | S26: =R26 -> -2.068 | T26: 107.84 | U26: -2.57 | V26: =U26 -> -2.57
C27: E25 | D27: 120 | E27: 3539.537 | F27: G10 | G27: =G26+3 -> 102 | H27: 3538.18 | I27: =I26+(SQRT((D27-D26)^2-(E27-E26)^2)) -> 118.64783 | J27: =E27 -> 3539.537 | K27: =K26+(SQRT((G27-G26)^2-(H27-H26)^2)) -> 101.84661 | L27: =H27 -> 3538.18 | M27: =M26+(SQRT((G27-G26)^2-(H27-H26)^2)) -> 26.846613 | N27: =L27 -> 3538.18 | O27: =I27 -> 118.64783 | P27: =J27-MAX($J$3:$J$50) -> -0.911 | Q27: =K27 -> 101.84661 | R27: =L27-MAX($J$3:$J$50) -> -2.268 | S27: =R27 -> -2.268 | T27: 109.34 | U27: -2.47 | V27: =U27 -> -2.47
C28: E26 | D28: 125 | E28: 3540.103 | F28: G11 | G28: =G27+3 -> 105 | H28: 3538.012 | I28: =I27+(SQRT((D28-D27)^2-(E28-E27)^2)) -> 123.61569 | J28: =E28 -> 3540.103 | K28: =K27+(SQRT((G28-G27)^2-(H28-H27)^2)) -> 104.84191 | L28: =H28 -> 3538.012 | M28: =M27+(SQRT((G28-G27)^2-(H28-H27)^2)) -> 29.841906 | N28: =L28 -> 3538.012 | O28: =I28 -> 123.61569 | P28: =U37 -> -0.44 | Q28: =K28 -> 104.84191 | R28: =L28-MAX($J$3:$J$50) -> -2.436 | S28: =R28 -> -2.436 | T28: 110.83 | U28: -2.37 | V28: =U28 -> -2.37
C29: E27 | D29: 130 | E29: 3540.448 | F29: G12 | G29: =G28+3 -> 108 | H29: 3537.88 | I29: =I28+(SQRT((D29-D28)^2-(E29-E28)^2)) -> 128.60377 | J29: =E29 -> 3540.448 | K29: =K28+(SQRT((G29-G28)^2-(H29-H28)^2)) -> 107.839 | L29: =H29 -> 3537.88 | M29: =M28+(SQRT((G29-G28)^2-(H29-H28)^2)) -> 32.839 | N29: =L29 -> 3537.88 | O29: =I29 -> 128.60377 | P29: -0.11 | Q29: =K29 -> 107.839 | R29: =L29-MAX($J$3:$J$50) -> -2.568 | S29: =R29 -> -2.568 | T29: 112.27 | U29: -1.95 | V29: =U29 -> -1.95
C30: E28 | D30: 135 | E30: 3540.186 | F30: G13 | G30: =G29+3 -> 111 | H30: 3538.08 | I30: =I29+(SQRT((D30-D29)^2-(E30-E29)^2)) -> 133.5969 | J30: =E30 -> 3540.186 | K30: =K29+(SQRT((G30-G29)^2-(H30-H29)^2)) -> 110.83233 | L30: =H30 -> 3538.08 | M30: =M29+(SQRT((G30-G29)^2-(H30-H29)^2)) -> 35.832326 | N30: =L30 -> 3538.08 | O30: =I30 -> 133.5969 | P30: =J30-MAX($J$3:$J$50) -> -0.262 | Q30: =K30 -> 110.83233 | R30: =L30-MAX($J$3:$J$50) -> -2.368 | S30: =R30 -> -2.368 | T30: 113.71 | U30: -1.53 | V30: =U30 -> -1.53
C31: E29 | D31: 140 | E31: 3538.763 | F31: G14 | G31: =G30+3 -> 114 | H31: 3538.92 | I31: =I30+(SQRT((D31-D30)^2-(E31-E30)^2)) -> 138.39013 | J31: =E31 -> 3538.763 | K31: =K30+(SQRT((G31-G30)^2-(H31-H30)^2)) -> 113.71233 | L31: =H31 -> 3538.92 | M31: =M30+(SQRT((G31-G30)^2-(H31-H30)^2)) -> 38.712326 | N31: =L31 -> 3538.92 | O31: =I31 -> 138.39013 | P31: =U46 -> -1.09 | Q31: =K31 -> 113.71233 | R31: =L31-MAX($J$3:$J$50) -> -1.528 | S31: =R31 -> -1.528 | T31: 115.2 | U31: -1.225 | V31: =U31 -> -1.225
C32: E30 | D32: 145 | E32: 3539.16 | F32: G15 | G32: =G31+3 -> 117 | H32: 3539.32 | I32: =I31+(SQRT((D32-D31)^2-(E32-E31)^2)) -> 143.37435 | J32: =E32 -> 3539.16 | K32: =K31+(SQRT((G32-G31)^2-(H32-H31)^2)) -> 116.68554 | L32: =H32 -> 3539.32 | M32: =M31+(SQRT((G32-G31)^2-(H32-H31)^2)) -> 41.68554 | N32: =L32 -> 3539.32 | O32: =I32 -> 143.37435 | P32: =J32-MAX($J$3:$J$50) -> -1.288 | Q32: =K32 -> 116.68554 | R32: =L32-MAX($J$3:$J$50) -> -1.128 | S32: =R32 -> -1.128 | T32: 116.69 | U32: -1.13 | V32: =U32 -> -1.13
C33: E31 | D33: 150 | E33: 3539.021 | F33: G16 | G33: =G32+3 -> 120 | H33: 3539.537 | I33: =I32+(SQRT((D33-D32)^2-(E33-E32)^2)) -> 148.37242 | J33: =E33 -> 3539.021 | K33: =K32+(SQRT((G33-G32)^2-(H33-H32)^2)) -> 119.67768 | L33: =H33 -> 3539.537 | M33: =M32+(SQRT((G33-G32)^2-(H33-H32)^2)) -> 44.677682 | N33: =L33 -> 3539.537 | O33: =I33 -> 148.37242 | P33: =J33-MAX($J$3:$J$50) -> -1.427 | Q33: =K33 -> 119.67768 | R33: =L33-MAX($J$3:$J$50) -> -0.911 | S33: =R33 -> -0.911 | T33: 118.19 | U33: -1.02 | V33: =U33 -> -1.02
C34: E32 | D34: 155 | E34: 3538.631 | F34: G17 | G34: =G33+3 -> 123 | H34: 3539.86 | I34: =I33+(SQRT((D34-D33)^2-(E34-E33)^2)) -> 153.35718 | J34: =E34 -> 3538.631 | K34: =K33+(SQRT((G34-G33)^2-(H34-H33)^2)) -> 122.66024 | L34: =H34 -> 3539.86 | M34: =M33+(SQRT((G34-G33)^2-(H34-H33)^2)) -> 47.660243 | N34: =L34 -> 3539.86 | O34: =I34 -> 153.35718 | P34: =J34-MAX($J$3:$J$50) -> -1.817 | Q34: =K34 -> 122.66024 | R34: =L34-MAX($J$3:$J$50) -> -0.588 | S34: =R34 -> -0.588 | T34: 119.68 | U34: -0.91 | V34: =U34 -> -0.91
C35: E33 | D35: 160 | E35: 3538.622 | F35: G18 | G35: =G34+3 -> 126 | H35: 3540.16 | I35: =I34+(SQRT((D35-D34)^2-(E35-E34)^2)) -> 158.35717 | J35: =E35 -> 3538.622 | K35: =K34+(SQRT((G35-G34)^2-(H35-H34)^2)) -> 125.6452 | L35: =H35 -> 3540.16 | M35: =M34+(SQRT((G35-G34)^2-(H35-H34)^2)) -> 50.645205 | N35: =L35 -> 3540.16 | O35: =I35 -> 158.35717 | P35: =J35-MAX($J$3:$J$50) -> -1.826 | Q35: =K35 -> 125.6452 | R35: =L35-MAX($J$3:$J$50) -> -0.288 | S35: =R35 -> -0.288 | T35: 121.17 | U35: -0.75 | V35: =U35 -> -0.75
C36: E34 | D36: 165 | E36: 3537.892 | F36: G19 | G36: =G35+3 -> 129 | H36: 3540.34 | I36: =I35+(SQRT((D36-D35)^2-(E36-E35)^2)) -> 163.3036 | J36: =E36 -> 3537.892 | K36: =K35+(SQRT((G36-G35)^2-(H36-H35)^2)) -> 128.6398 | L36: =H36 -> 3540.34 | M36: =M35+(SQRT((G36-G35)^2-(H36-H35)^2)) -> 53.6398 | N36: =L36 -> 3540.34 | O36: =I36 -> 163.3036 | P36: =J36-MAX($J$3:$J$50) -> -2.556 | Q36: =K36 -> 128.6398 | R36: =L36-MAX($J$3:$J$50) -> -0.108 | S36: =R36 -> -0.108 | T36: 122.66 | U36: -0.59 | V36: =U36 -> -0.59
C37: E35 | D37: 170 | E37: 3539.555 | F37: G20 | G37: =G36+3 -> 132 | H37: 3540.32 | I37: =I36+(SQRT((D37-D36)^2-(E37-E36)^2)) -> 168.01894 | J37: =E37 -> 3539.555 | K37: =K36+(SQRT((G37-G36)^2-(H37-H36)^2)) -> 131.63973 | L37: =H37 -> 3540.32 | M37: =M36+(SQRT((G37-G36)^2-(H37-H36)^2)) -> 56.639733 | N37: =L37 -> 3540.32 | O37: =I37 -> 168.01894 | P37: =J37-MAX($J$3:$J$50) -> -0.893 | Q37: =K37 -> 131.63973 | R37: =L37-MAX($J$3:$J$50) -> -0.128 | S37: =R37 -> -0.128 | T37: 124.16 | U37: -0.44 | V37: =U37 -> -0.44
C38: E36 | D38: 175 | E38: 3539.139 | F38: G21 | G38: =G37+3 -> 135 | H38: 3540.186 | I38: =I37+(SQRT((D38-D37)^2-(E38-E37)^2)) -> 173.0016 | J38: =E38 -> 3539.139 | K38: =K37+(SQRT((G38-G37)^2-(H38-H37)^2)) -> 134.63674 | L38: =H38 -> 3540.186 | M38: =M37+(SQRT((G38-G37)^2-(H38-H37)^2)) -> 59.636739 | N38: =L38 -> 3540.186 | O38: =I38 -> 173.0016 | P38: =J38-MAX($J$3:$J$50) -> -1.309 | Q38: =K38 -> 134.63674 | R38: =L38-MAX($J$3:$J$50) -> -0.262 | S38: =R38 -> -0.262 | T38: 125.65 | U38: -0.29 | V38: =U38 -> -0.29
C39: E37 | D39: 180 | E39: 3538.181 | F39: G22 | G39: =G38+3 -> 138 | H39: 3539.36 | I39: =I38+(SQRT((D39-D38)^2-(E39-E38)^2)) -> 177.90897 | J39: =E39 -> 3538.181 | K39: =K38+(SQRT((G39-G38)^2-(H39-H38)^2)) -> 137.52079 | L39: =H39 -> 3539.36 | M39: =M38+(SQRT((G39-G38)^2-(H39-H38)^2)) -> 62.520786 | N39: =L39 -> 3539.36 | O39: =I39 -> 177.90897 | P39: =J39-MAX($J$3:$J$50) -> -2.267 | Q39: =K39 -> 137.52079 | R39: =L39-MAX($J$3:$J$50) -> -1.088 | S39: =R39 -> -1.088 | T39: 127.14 | U39: -0.2 | V39: =U39 -> -0.2
C40: E38 | D40: 185 | E40: 3538.36 | F40: G23 | G40: =G39+3 -> 141 | H40: 3538.88 | I40: =I39+(SQRT((D40-D39)^2-(E40-E39)^2)) -> 182.90576 | J40: =E40 -> 3538.36 | K40: =K39+(SQRT((G40-G39)^2-(H40-H39)^2)) -> 140.48214 | L40: =H40 -> 3538.88 | M40: =M39+(SQRT((G40-G39)^2-(H40-H39)^2)) -> 65.482137 | N40: =L40 -> 3538.88 | O40: =I40 -> 182.90576 | P40: =J40-MAX($J$3:$J$50) -> -2.088 | Q40: =K40 -> 140.48214 | R40: =L40-MAX($J$3:$J$50) -> -1.568 | S40: =R40 -> -1.568 | T40: 128.64 | U40: -0.11 | V40: =U40 -> -0.11
C41: E39 | D41: 190 | E41: 3538.301 | F41: G24 | G41: =G40+3 -> 144 | H41: 3539.12 | I41: =I40+(SQRT((D41-D40)^2-(E41-E40)^2)) -> 187.90541 | J41: =E41 -> 3538.301 | K41: =K40+(SQRT((G41-G40)^2-(H41-H40)^2)) -> 143.47252 | L41: =H41 -> 3539.12 | M41: =M40+(SQRT((G41-G40)^2-(H41-H40)^2)) -> 68.472521 | N41: =L41 -> 3539.12 | O41: =I41 -> 187.90541 | P41: =J41-MAX($J$3:$J$50) -> -2.147 | Q41: =K41 -> 143.47252 | R41: =L41-MAX($J$3:$J$50) -> -1.328 | S41: =R41 -> -1.328 | T41: 130.14 | U41: -0.12 | V41: =U41 -> -0.12
C42: E40 | D42: 195 | E42: 3538.531 | I42: =I41+(SQRT((D42-D41)^2-(E42-E41)^2)) -> 192.90012 | J42: =E42 -> 3538.531 | O42: =I42 -> 192.90012 | P42: =J42-MAX($J$3:$J$50) -> -1.917 | Q42: 145.9 | R42: -1.328 | S42: =R42 -> -1.328 | T42: 131.64 | U42: -0.13 | V42: =U42 -> -0.13
C43: E41 | D43: 200 | E43: 3538.749 | I43: =I42+(SQRT((D43-D42)^2-(E43-E42)^2)) -> 197.89537 | J43: =E43 -> 3538.749 | O43: =I43 -> 197.89537 | P43: =J43-MAX($J$3:$J$50) -> -1.699 | T43: 133.14 | U43: -0.2 | V43: =U43 -> -0.2
C44: E42 | D44: 205 | E44: 3538.169 | I44: =I43+(SQRT((D44-D43)^2-(E44-E43)^2)) -> 202.86161 | J44: =E44 -> 3538.169 | O44: =I44 -> 202.86161 | P44: =J44-MAX($J$3:$J$50) -> -2.279 | T44: 134.64 | U44: -0.26 | V44: =U44 -> -0.26
C45: E43 | D45: 210 | E45: 3538.425 | I45: =I44+(SQRT((D45-D44)^2-(E45-E44)^2)) -> 207.85505 | J45: =E45 -> 3538.425 | O45: =I45 -> 207.85505 | P45: =J45-MAX($J$3:$J$50) -> -2.023 | T45: 136.08 | U45: -0.68 | V45: =U45 -> -0.68
C46: E44 | D46: 215 | E46: 3537.689 | I46: =I45+(SQRT((D46-D45)^2-(E46-E45)^2)) -> 212.80059 | J46: =E46 -> 3537.689 | O46: =I46 -> 212.80059 | P46: =J46-MAX($J$3:$J$50) -> -2.759 | T46: 137.52 | U46: -1.09 | V46: =U46 -> -1.09
C47: E45 | D47: 220 | E47: 3538.183 | I47: =I46+(SQRT((D47-D46)^2-(E47-E46)^2)) -> 217.77613 | J47: =E47 -> 3538.183 | O47: =I47 -> 217.77613 | P47: =J47-MAX($J$3:$J$50) -> -2.265 | T47: 139 | U47: -1.33 | V47: =U47 -> -1.33
C48: E46 | D48: 225 | E48: 3538.698 | I48: =I47+(SQRT((D48-D47)^2-(E48-E47)^2)) -> 222.74953 | J48: =E48 -> 3538.698 | O48: =I48 -> 222.74953 | P48: =J48-MAX($J$3:$J$50) -> -1.75 | T48: 140.48 | U48: -1.57 | V48: =U48 -> -1.57
C49: E47 | D49: 230 | E49: 3538.283 | I49: =I48+(SQRT((D49-D48)^2-(E49-E48)^2)) -> 227.73228 | J49: =E49 -> 3538.283 | O49: =I49 -> 227.73228 | P49: =J49-MAX($J$3:$J$50) -> -2.165 | T49: 141.97 | U49: -1.45 | V49: =U49 -> -1.45
C50: E48 | D50: 235 | E50: 3538.784 | I50: =I49+(SQRT((D50-D49)^2-(E50-E49)^2)) -> 232.70712 | J50: =E50 -> 3538.784 | O50: =I50 -> 232.70712 | P50: =J50-MAX($J$3:$J$50) -> -1.664 | T50: 143.47 | U50: -1.33 | V50: =U50 -> -1.33
T51: 144.69 | U51: -1.33 | V51: =U51 -> -1.33
T52: 145.9 | U52: -1.33 | V52: =U52 -> -1.33

Sheet KUM0203_RST5m
A1: G1 = E124 of KUM02_ERT5m
A2: Both 5m spacing! | C2: electrode | D2: Ert | F2: RST (scroll down) | I2: ERT dept | K2: RST depth | M2: ERT depth (true | O2: RST depth (true)
D3: x | E3: z | F3: geophone | G3: x | H3: z | I3: x | J3: z | K3: x | L3: xz | M3: x | N3: z | O3: x | P3: z
C4: E1 | D4: 0 | E4: 3536.244 | I4: =D4 -> 0 | J4: =E4-MAX($E$4:$E$171) -> -0.984 | M4: 0 | N4: =J4 -> -0.984
C5: E2 | D5: 5 | E5: 3536.266 | I5: =D5 -> 5 | J5: =E5-MAX($E$4:$E$171) -> -0.962 | M5: =M4+(SQRT((D5-D4)^2-(E5-E4)^2)) -> 4.9999516 | N5: =J5 -> -0.962
C6: E3 | D6: 10 | E6: 3536.478 | I6: =D6 -> 10 | J6: =E6-MAX($E$4:$E$171) -> -0.75 | M6: =M5+(SQRT((D6-D5)^2-(E6-E5)^2)) -> 9.9954552 | N6: =J6 -> -0.75
C7: E4 | D7: 15 | E7: 3536.152 | I7: =D7 -> 15 | J7: =E7-MAX($E$4:$E$171) -> -1.076 | M7: =M6+(SQRT((D7-D6)^2-(E7-E6)^2)) -> 14.984816 | N7: =J7 -> -1.076
C8: E5 | D8: 20 | E8: 3535.809 | I8: =D8 -> 20 | J8: =E8-MAX($E$4:$E$171) -> -1.419 | M8: =M7+(SQRT((D8-D7)^2-(E8-E7)^2)) -> 19.973037 | N8: =J8 -> -1.419
C9: E6 | D9: 25 | E9: 3536.244 | I9: =D9 -> 25 | J9: =E9-MAX($E$4:$E$171) -> -0.984 | M9: =M8+(SQRT((D9-D8)^2-(E9-E8)^2)) -> 24.954079 | N9: =J9 -> -0.984
C10: E7 | D10: 30 | E10: 3535.974 | I10: =D10 -> 30 | J10: =E10-MAX($E$4:$E$171) -> -1.254 | M10: =M9+(SQRT((D10-D9)^2-(E10-E9)^2)) -> 29.946784 | N10: =J10 -> -1.254
C11: E8 | D11: 35 | E11: 3535.861 | I11: =D11 -> 35 | J11: =E11-MAX($E$4:$E$171) -> -1.367 | M11: =M10+(SQRT((D11-D10)^2-(E11-E10)^2)) -> 34.945507 | N11: =J11 -> -1.367
C12: E9 | D12: 40 | E12: 3535.916 | I12: =D12 -> 40 | J12: =E12-MAX($E$4:$E$171) -> -1.312 | M12: =M11+(SQRT((D12-D11)^2-(E12-E11)^2)) -> 39.945204 | N12: =J12 -> -1.312
C13: E10 | D13: 45 | E13: 3536.297 | I13: =D13 -> 45 | J13: =E13-MAX($E$4:$E$171) -> -0.931 | M13: =M12+(SQRT((D13-D12)^2-(E13-E12)^2)) -> 44.930667 | N13: =J13 -> -0.931
C14: E11 | D14: 50 | E14: 3536.002 | I14: =D14 -> 50 | J14: =E14-MAX($E$4:$E$171) -> -1.226 | M14: =M13+(SQRT((D14-D13)^2-(E14-E13)^2)) -> 49.921957 | N14: =J14 -> -1.226
C15: E12 | D15: 55 | E15: 3536.658 | I15: =D15 -> 55 | J15: =E15-MAX($E$4:$E$171) -> -0.57 | M15: =M14+(SQRT((D15-D14)^2-(E15-E14)^2)) -> 54.878736 | N15: =J15 -> -0.57
C16: E13 | D16: 60 | E16: 3536.894 | I16: =D16 -> 60 | J16: =E16-MAX($E$4:$E$171) -> -0.334 | M16: =M15+(SQRT((D16-D15)^2-(E16-E15)^2)) -> 59.873164 | N16: =J16 -> -0.334
... C125: E122 | D125: 605 | E125: 3529.582 | I125: =D125 -> 605 | J125: =E125-MAX($E$4:$E$171) -> -7.646 | M125: =M124+(SQRT((D125-D124)^2-(E125-E124)^2)) -> 599.4176 | N125: =J125 -> -7.646
C126: E123 | D126: 610 | E126: 3528.825 | I126: =D126 -> 610 | J126: =E126-MAX($E$4:$E$171) -> -8.403 | M126: =M125+(SQRT((D126-D125)^2-(E126-E125)^2)) -> 604.35997 | N126: =J126 -> -8.403 | O126: =O127-5 -> 604.34313 | P126: =N126 -> -8.403
C127: E124 | D127: 615 | E127: 3528.415 | F127: G1 | G127: =D127 -> 615 | H127: =E127 -> 3528.415 | I127: =D127 -> 615 | J127: =E127-MAX($E$4:$E$171) -> -8.813 | K127: =G127 -> 615 | L127: =J127 -> -8.813 | M127: =M126+(SQRT((D127-D126)^2-(E127-E126)^2)) -> 609.34313 | N127: =J127 -> -8.813 | O127: =M127 -> 609.34313 | P127: =N127 -> -8.813
C128: E125 | D128: 620 | E128: 3528.51 | F128: G2 | G128: =D128 -> 620 | H128: =E128 -> 3528.51 | I128: =D128 -> 620 | J128: =E128-MAX($E$4:$E$171) -> -8.718 | K128: =G128 -> 620 | L128: =J128 -> -8.718 | M128: =M127+(SQRT((D128-D127)^2-(E128-E127)^2)) -> 614.34223 | N128: =J128 -> -8.718 | O128: =M128 -> 614.34223 | P128: =N128 -> -8.718
C129: E126 | D129: 625 | E129: 3527.819 | F129: G3 | G129: =D129 -> 625 | H129: =E129 -> 3527.819 | I129: =D129 -> 625 | J129: =E129-MAX($E$4:$E$171) -> -9.409 | K129: =G129 -> 625 | L129: =J129 -> -9.409 | M129: =M128+(SQRT((D129-D128)^2-(E129-E128)^2)) -> 619.29425 | N129: =J129 -> -9.409 | O129: =M129 -> 619.29425 | P129: =N129 -> -9.409
C130: E127 | D130: 630 | E130: 3528.454 | F130: G4 | G130: =D130 -> 630 | H130: =E130 -> 3528.454 | I130: =D130 -> 630 | J130: =E130-MAX($E$4:$E$171) -> -8.774 | K130: =G130 -> 630 | L130: =J130 -> -8.774 | M130: =M129+(SQRT((D130-D129)^2-(E130-E129)^2)) -> 624.25376 | N130: =J130 -> -8.774 | O130: =M130 -> 624.25376 | P130: =N130 -> -8.774
C131: E128 | D131: 635 | E131: 3528.886 | F131: G5 | G131: =D131 -> 635 | H131: =E131 -> 3528.886 | I131: =D131 -> 635 | J131: =E131-MAX($E$4:$E$171) -> -8.342 | K131: =G131 -> 635 | L131: =J131 -> -8.342 | M131: =M130+(SQRT((D131-D130)^2-(E131-E130)^2)) -> 629.23506 | N131: =J131 -> -8.342 | O131: =M131 -> 629.23506 | P131: =N131 -> -8.342
C132: E129 | D132: 640 | E132: 3527.488 | F132: G6 | G132: =D132 -> 640 | H132: =E132 -> 3527.488 | I132: =D132 -> 640 | J132: =E132-MAX($E$4:$E$171) -> -9.74 | K132: =G132 -> 640 | L132: =J132 -> -9.74 | M132: =M131+(SQRT((D132-D131)^2-(E132-E131)^2)) -> 634.03565 | N132: =J132 -> -9.74 | O132: =M132 -> 634.03565 | P132: =N132 -> -9.74
C133: E130 | D133: 645 | E133: 3527.672 | F133: G7 | G133: =D133 -> 645 | H133: =E133 -> 3527.672 | I133: =D133 -> 645 | J133: =E133-MAX($E$4:$E$171) -> -9.556 | K133: =G133 -> 645 | L133: =J133 -> -9.556 | M133: =M132+(SQRT((D133-D132)^2-(E133-E132)^2)) -> 639.03226 | N133: =J133 -> -9.556 | O133: =M133 -> 639.03226 | P133: =N133 -> -9.556
C134: E131 | D134: 650 | E134: 3528.2 | F134: G8 | G134: =D134 -> 650 | H134: =E134 -> 3528.2 | I134: =D134 -> 650 | J134: =E134-MAX($E$4:$E$171) -> -9.028 | K134: =G134 -> 650 | L134: =J134 -> -9.028 | M134: =M133+(SQRT((D134-D133)^2-(E134-E133)^2)) -> 644.0043 | N134: =J134 -> -9.028 | O134: =M134 -> 644.0043 | P134: =N134 -> -9.028
C135: E132 | D135: 655 | E135: 3529.473 | F135: G9 | G135: =D135 -> 655 | H135: =E135 -> 3529.473 | I135: =D135 -> 655 | J135: =E135-MAX($E$4:$E$171) -> -7.755 | K135: =G135 -> 655 | L135: =J135 -> -7.755 | M135: =M134+(SQRT((D135-D134)^2-(E135-E134)^2)) -> 648.83953 | N135: =J135 -> -7.755 | O135: =M135 -> 648.83953 | P135: =N135 -> -7.755
C136: E133 | D136: 660 | E136: 3529.993 | F136: G10 | G136: =D136 -> 660 | H136: =E136 -> 3529.993 | I136: =D136 -> 660 | J136: =E136-MAX($E$4:$E$171) -> -7.235 | K136: =G136 -> 660 | L136: =J136 -> -7.235 | M136: =M135+(SQRT((D136-D135)^2-(E136-E135)^2)) -> 653.81242 | N136: =J136 -> -7.235 | O136: =M136 -> 653.81242 | P136: =N136 -> -7.235
C137: E134 | D137: 665 | E137: 3530.034 | F137: G11 | G137: =D137 -> 665 | H137: =E137 -> 3530.034 | I137: =D137 -> 665 | J137: =E137-MAX($E$4:$E$171) -> -7.194 | K137: =G137 -> 665 | L137: =J137 -> -7.194 | M137: =M136+(SQRT((D137-D136)^2-(E137-E136)^2)) -> 658.81225 | N137: =J137 -> -7.194 | O137: =M137 -> 658.81225 | P137: =N137 -> -7.194
C138: E135 | D138: 670 | E138: 3530.643 | F138: G12 | G138: =D138 -> 670 | H138: =E138 -> 3530.643 | I138: =D138 -> 670 | J138: =E138-MAX($E$4:$E$171) -> -6.585 | K138: =G138 -> 670 | L138: =J138 -> -6.585 | M138: =M137+(SQRT((D138-D137)^2-(E138-E137)^2)) -> 663.77503 | N138: =J138 -> -6.585 | O138: =M138 -> 663.77503 | P138: =N138 -> -6.585
... C150: E147 | D150: 730 | E150: 3525.74 | F150: G24 | G150: =D150 -> 730 | H150: =E150 -> 3525.74 | I150: =D150 -> 730 | J150: =E150-MAX($E$4:$E$171) -> -11.488 | K150: =G150 -> 730 | L150: =J150 -> -11.488 | M150: =M149+(SQRT((D150-D149)^2-(E150-E149)^2)) -> 721.17899 | N150: =J150 -> -11.488 | O150: =M150 -> 721.17899 | P150: =N150 -> -11.488
C151: E148 | D151: 735 | E151: 3524.771 | I151: =D151 -> 735 | J151: =E151-MAX($E$4:$E$171) -> -12.457 | M151: =M150+(SQRT((D151-D150)^2-(E151-E150)^2)) -> 726.0842 | N151: =J151 -> -12.457
C152: E149 | D152: 740 | E152: 3524.128 | I152: =D152 -> 740 | J152: =E152-MAX($E$4:$E$171) -> -13.1 | M152: =M151+(SQRT((D152-D151)^2-(E152-E151)^2)) -> 731.04268 | N152: =J152 -> -13.1
C153: E150 | D153: 745 | E153: 3522.933 | I153: =D153 -> 745 | J153: =E153-MAX($E$4:$E$171) -> -14.295 | M153: =M152+(SQRT((D153-D152)^2-(E153-E152)^2)) -> 735.89778 | N153: =J153 -> -14.295
C154: E151 | D154: 750 | E154: 3522.061 | I154: =D154 -> 750 | J154: =E154-MAX($E$4:$E$171) -> -15.167 | M154: =M153+(SQRT((D154-D153)^2-(E154-E153)^2)) -> 740.82115 | N154: =J154 -> -15.167
C155: E152 | D155: 755 | E155: 3521.187 | I155: =D155 -> 755 | J155: =E155-MAX($E$4:$E$171) -> -16.041 | M155: =M154+(SQRT((D155-D154)^2-(E155-E154)^2)) -> 745.74417 | N155: =J155 -> -16.041
C156: E153 | D156: 760 | E156: 3520.309 | I156: =D156 -> 760 | J156: =E156-MAX($E$4:$E$171) -> -16.919 | M156: =M155+(SQRT((D156-D155)^2-(E156-E155)^2)) -> 750.66648 | N156: =J156 -> -16.919
C157: E154 | D157: 765 | E157: 3520.193 | I157: =D157 -> 765 | J157: =E157-MAX($E$4:$E$171) -> -17.035 | M157: =M156+(SQRT((D157-D156)^2-(E157-E156)^2)) -> 755.66514 | N157: =J157 -> -17.035
C158: E155 | D158: 770 | E158: 3520.998 | I158: =D158 -> 770 | J158: =E158-MAX($E$4:$E$171) -> -16.23 | M158: =M157+(SQRT((D158-D157)^2-(E158-E157)^2)) -> 760.59991 | N158: =J158 -> -16.23
C159: E156 | D159: 775 | E159: 3518.842 | I159: =D159 -> 775 | J159: =E159-MAX($E$4:$E$171) -> -18.386 | M159: =M158+(SQRT((D159-D158)^2-(E159-E158)^2)) -> 765.11119 | N159: =J159 -> -18.386
C160: E157 | D160: 780 | E160: 3516.981 | I160: =D160 -> 780 | J160: =E160-MAX($E$4:$E$171) -> -20.247 | M160: =M159+(SQRT((D160-D159)^2-(E160-E159)^2)) -> 769.75195 | N160: =J160 -> -20.247
C161: E158 | D161: 785 | E161: 3516.559 | I161: =D161 -> 785 | J161: =E161-MAX($E$4:$E$171) -> -20.669 | M161: =M160+(SQRT((D161-D160)^2-(E161-E160)^2)) -> 774.73411 | N161: =J161 -> -20.669
C162: E159 | D162: 790 | E162: 3518.217 | I162: =D162 -> 790 | J162: =E162-MAX($E$4:$E$171) -> -19.011 | M162: =M161+(SQRT((D162-D161)^2-(E162-E161)^2)) -> 779.45121 | N162: =J162 -> -19.011
... C171: E168 | D171: 835 | E171: 3516.854 | I171: =D171 -> 835 | J171: =E171-MAX($E$4:$E$171) -> -20.374 | M171: =M170+(SQRT((D171-D170)^2-(E171-E170)^2)) -> 823.23326 | N171: =J171 -> -20.374

Sheet KUM0203_RST2m
A1: G1 = E124
A2: ERT | B2: 5m | C2: Ert | F2: ERT depth (true | H2: RST, scroll down to E124 | K2: ERT depth (true | M2: RST depth (true)
A3: RST | B3: 2m | C3: electrode | D3: x | E3: z | F3: x | G3: z | H3: geophone | I3: x | J3: z | K3: x | L3: z | M3: x | N3: z
C4: E1 | D4: 0 | E4: 3536.244 | F4: 0 | G4: -0.984 | K4: 0 | L4: -0.984
C5: E2 | D5: 5 | E5: 3536.266 | F5: 4.9999516 | G5: -0.962 | K5: 4.9999516 | L5: -0.962
C6: E3 | D6: 10 | E6: 3536.478 | F6: 9.9954552 | G6: -0.75 | K6: 9.9954552 | L6: -0.75
C7: E4 | D7: 15 | E7: 3536.152 | F7: 14.984816 | G7: -1.076 | K7: 14.984816 | L7: -1.076
C8: E5 | D8: 20 | E8: 3535.809 | F8: 19.973037 | G8: -1.419 | K8: 19.973037 | L8: -1.419
C9: E6 | D9: 25 | E9: 3536.244 | F9: 24.954079 | G9: -0.984 | K9: 24.954079 | L9: -0.984
C10: E7 | D10: 30 | E10: 3535.974 | F10: 29.946784 | G10: -1.254 | K10: 29.946784 | L10: -1.254
C11: E8 | D11: 35 | E11: 3535.861 | F11: 34.945507 | G11: -1.367 | K11: 34.945507 | L11: -1.367
C12: E9 | D12: 40 | E12: 3535.916 | F12: 39.945204 | G12: -1.312 | K12: 39.945204 | L12: -1.312
C13: E10 | D13: 45 | E13: 3536.297 | F13: 44.930667 | G13: -0.931 | K13: 44.930667 | L13: -0.931
C14: E11 | D14: 50 | E14: 3536.002 | F14: 49.921957 | G14: -1.226 | K14: 49.921957 | L14: -1.226
C15: E12 | D15: 55 | E15: 3536.658 | F15: 54.878736 | G15: -0.57 | K15: 54.878736 | L15: -0.57
... C124: E121 | D124: 600 | E124: 3529.998 | F124: 594.43494 | G124: -7.23 | K124: 594.43494 | L124: -7.23
C125: E122 | D125: 605 | E125: 3529.582 | F125: 599.4176 | G125: -7.646 | H125: offset | I125: =I127-6 -> 609 | J125: 3528.4245 | K125: 599.4176 | L125: -7.646 | M125: =M127-6 -> 603.34313 | N125: =J125-MAX($E$4:$E$171) -> -8.8035102 | Q125: 3528.976 | R125: =Q125-MAX($E$4:$E$172) -> -8.252 | S125: =M125:M149 -> 603.34313 | T125: -8.252 | U125: -6 | V125: =R125 -> -8.252 | W125: -6 | X125: =V125 -> -8.252
C126: E123 | D126: 610 | E126: 3528.825 | F126: 604.35997 | G126: -8.403 | H126: offset | I126: =I127-3 -> 612 | J126: 3528.748 | K126: 604.35997 | L126: -8.403 | M126: =M127-3 -> 606.34313 | N126: =J126-MAX($E$4:$E$171) -> -8.48 | Q126: 3528.6449 | R126: =Q126-MAX($E$4:$E$172) -> -8.583102 | S126: =M126:M150 -> 606.34313 | T126: -8.583102 | U126: -3 | V126: =R126 -> -8.583102 | W126: -3 | X126: =V126 -> -8.583102
C127: E124 | D127: 615 | E127: 3528.415 | F127: 609.34313 | G127: -8.813 | H127: G1 | I127: =D127 -> 615 | J127: 3528.588 | K127: 609.34313 | L127: -8.813 | M127: =K127 -> 609.34313 | N127: =J127-MAX($E$4:$E$171) -> -8.64 | Q127: 3528.4 | R127: =Q127-MAX($E$4:$E$172) -> -8.828 | S127: =M127:M151 -> 609.34313 | T127: -8.828 | U127: =M127-$M$127 -> 0 | V127: =R127 -> -8.828 | W127: 0 | X127: =V127 -> -8.828
C128: E125 | D128: 620 | E128: 3528.51 | F128: 614.34223 | G128: -8.718 | H128: G2 | I128: =I127+2 -> 617 | J128: 3528.428 | K128: 614.34223 | L128: -8.718 | M128: =M127+(SQRT((I128-I127)^2-(J128-J127)^2)) -> 611.33672 | N128: =J128-MAX($E$4:$E$171) -> -8.8 | Q128: 3528.44 | R128: =Q128-MAX($E$4:$E$172) -> -8.788 | S128: =M128:M152 -> 611.33672 | T128: -8.788 | U128: =M128-$M$127 -> 1.9935897 | V128: =R128 -> -8.788 | W128: 2 | X128: =V128 -> -8.788
C129: E126 | D129: 625 | E129: 3527.819 | F129: 619.29425 | G129: -9.409 | H129: G3 | I129: =I128+2 -> 619 | J129: 3528.468 | K129: 619.29425 | L129: -9.409 | M129: =M128+(SQRT((I129-I128)^2-(J129-J128)^2)) -> 613.33632 | N129: =J129-MAX($E$4:$E$171) -> -8.76 | Q129: 3528.48 | R129: =Q129-MAX($E$4:$E$172) -> -8.748 | S129: =M129:M153 -> 613.33632 | T129: -8.748 | U129: =M129-$M$127 -> 3.9931897 | V129: =R129 -> -8.748 | W129: 4 | X129: =V129 -> -8.748
C130: E127 | D130: 630 | E130: 3528.454 | F130: 624.25376 | G130: -8.774 | H130: G4 | I130: =I129+2 -> 621 | J130: 3528.508 | K130: 624.25376 | L130: -8.774 | M130: =M129+(SQRT((I130-I129)^2-(J130-J129)^2)) -> 615.33592 | N130: =J130-MAX($E$4:$E$171) -> -8.72 | Q130: 3528.36 | R130: =Q130-MAX($E$4:$E$172) -> -8.868 | S130: =M130:M154 -> 615.33592 | T130: -8.868 | U130: =M130-$M$127 -> 5.9927896 | V130: =R130 -> -8.868 | W130: 6 | X130: =V130 -> -8.868
C131: E128 | D131: 635 | E131: 3528.886 | F131: 629.23506 | G131: -8.342 | H131: G5 | I131: =I130+2 -> 623 | J131: 3528.388 | K131: 629.23506 | L131: -8.342 | M131: =M130+(SQRT((I131-I130)^2-(J131-J130)^2)) -> 617.33231 | N131: =J131-MAX($E$4:$E$171) -> -8.84 | Q131: 3528.08 | R131: =Q131-MAX($E$4:$E$172) -> -9.148 | S131: =M131:M155 -> 617.33231 | T131: -9.148 | U131: =M131-$M$127 -> 7.9891864 | V131: =R131 -> -9.148 | W131: 8 | X131: =V131 -> -9.148
C132: E129 | D132: 640 | E132: 3527.488 | F132: 634.03565 | G132: -9.74 | H132: G6 | I132: =I131+2 -> 625 | J132: 3528.108 | K132: 634.03565 | L132: -9.74 | M132: =M131+(SQRT((I132-I131)^2-(J132-J131)^2)) -> 619.31262 | N132: =J132-MAX($E$4:$E$171) -> -9.12 | Q132: 3527.8 | R132: =Q132-MAX($E$4:$E$172) -> -9.428 | S132: =M132:M156 -> 619.31262 | T132: -9.428 | U132: =M132-$M$127 -> 9.9694894 | V132: =R132 -> -9.428 | W132: 10 | X132: =V132 -> -9.428
C133: E130 | D133: 645 | E133: 3527.672 | F133: 639.03226 | G133: -9.556 | H133: G7 | I133: =I132+2 -> 627 | J133: 3527.828 | K133: 639.03226 | L133: -9.556 | M133: =M132+(SQRT((I133-I132)^2-(J133-J132)^2)) -> 621.29292 | N133: =J133-MAX($E$4:$E$171) -> -9.4 | Q133: 3528.08 | R133: =Q133-MAX($E$4:$E$172) -> -9.148 | S133: =M133:M157 -> 621.29292 | T133: -9.148 | U133: =M133-$M$127 -> 11.949792 | V133: =R133 -> -9.148 | W133: 12 | X133: =V133 -> -9.148
C134: E131 | D134: 650 | E134: 3528.2 | F134: 644.0043 | G134: -9.028 | H134: G8 | I134: =I133+2 -> 629 | J134: 3528.068 | K134: 644.0043 | L134: -9.028 | M134: =M133+(SQRT((I134-I133)^2-(J134-J133)^2)) -> 623.27847 | N134: =J134-MAX($E$4:$E$171) -> -9.16 | Q134: 3528.36 | R134: =Q134-MAX($E$4:$E$172) -> -8.868 | S134: =M134:M158 -> 623.27847 | T134: -8.868 | U134: =M134-$M$127 -> 13.93534 | V134: =R134 -> -8.868 | W134: 14 | X134: =V134 -> -8.868
C135: E132 | D135: 655 | E135: 3529.473 | F135: 648.83953 | G135: -7.755 | H135: G9 | I135: =I134+2 -> 631 | J135: 3528.308 | K135: 648.83953 | L135: -7.755 | M135: =M134+(SQRT((I135-I134)^2-(J135-J134)^2)) -> 625.26402 | N135: =J135-MAX($E$4:$E$171) -> -8.92 | Q135: 3528.5816 | R135: =Q135-MAX($E$4:$E$172) -> -8.6463673 | S135: =M135:M159 -> 625.26402 | T135: -8.6463673 | U135: =M135-$M$127 -> 15.920888 | V135: =R135 -> -8.6463673 | W135: 16 | X135: =V135 -> -8.6463673
C136: E133 | D136: 660 | E136: 3529.993 | F136: 653.81242 | G136: -7.235 | H136: G10 | I136: =I135+2 -> 633 | J136: 3528.528 | K136: 653.81242 | L136: -7.235 | M136: =M135+(SQRT((I136-I135)^2-(J136-J135)^2)) -> 627.25188 | N136: =J136-MAX($E$4:$E$171) -> -8.7 | Q136: 3528.7449 | R136: =Q136-MAX($E$4:$E$172) -> -8.483102 | S136: =M136:M160 -> 627.25188 | T136: -8.483102 | U136: =M136-$M$127 -> 17.908751 | V136: =R136 -> -8.483102 | W136: 18 | X136: =V136 -> -8.483102
C137: E134 | D137: 665 | E137: 3530.034 | F137: 658.81225 | G137: -7.194 | H137: G11 | I137: =I136+2 -> 635 | J137: 3528.728 | K137: 658.81225 | L137: -7.194 | M137: =M136+(SQRT((I137-I136)^2-(J137-J136)^2)) -> 629.24185 | N137: =J137-MAX($E$4:$E$171) -> -8.5 | Q137: 3528.9 | R137: =Q137-MAX($E$4:$E$172) -> -8.328 | S137: =M137:M161 -> 629.24185 | T137: -8.328 | U137: =M137-$M$127 -> 19.898726 | V137: =R137 -> -8.328 | W137: 20 | X137: =V137 -> -8.328
C138: E135 | D138: 670 | E138: 3530.643 | F138: 663.77503 | G138: -6.585 | H138: G12 | I138: =I137+2 -> 637 | J138: 3528.928 | K138: 663.77503 | L138: -6.585 | M138: =M137+(SQRT((I138-I137)^2-(J138-J137)^2)) -> 631.23183 | N138: =J138-MAX($E$4:$E$171) -> -8.3 | Q138: 3528.3167 | R138: =Q138-MAX($E$4:$E$172) -> -8.9113333 | S138: =M138:M162 -> 631.23183 | T138: -8.9113333 | U138: =M138-$M$127 -> 21.888701 | V138: =R138 -> -8.9113333 | W138: 22 | X138: =V138 -> -8.9113333
C139: E136 | D139: 675 | E139: 3527.818 | F139: 667.90048 | G139: -9.41 | H139: G13 | I139: =I138+2 -> 639 | J139: 3528.368 | K139: 667.90048 | L139: -9.41 | M139: =M138+(SQRT((I139-I138)^2-(J139-J138)^2)) -> 633.15183 | N139: =J139-MAX($E$4:$E$171) -> -8.86 | Q139: 3527.7333 | R139: =Q139-MAX($E$4:$E$172) -> -9.4946667 | S139: =M139:M163 -> 633.15183 | T139: -9.4946667 | U139: =M139-$M$127 -> 23.808701 | V139: =R139 -> -9.4946667 | W139: 24 | X139: =V139 -> -9.4946667
... C151: E148 | D151: 735 | E151: 3524.771 | F151: 726.0842 | G151: -12.457 | H151: offset | I151: =I150+2 -> 663 | J151: 3530.028 | K151: 726.0842 | L151: -12.457 | M151: =M150+(SQRT((I151-I150)^2-(J151-J150)^2)) -> 656.84307 | N151: =J151-MAX($E$4:$E$171) -> -7.2 | Q151: 3530 | R151: =Q151-MAX($E$4:$E$172) -> -7.228 | S151: =M151:M175 -> 656.84307 | T151: -7.228 | U151: =M151-$M$127 -> 47.499941 | V151: =R151 -> -7.228 | W151: 48 | X151: =V151 -> -7.228
C152: E149 | D152: 740 | E152: 3524.128 | F152: 731.04268 | G152: -13.1 | K152: 731.04268 | L152: -13.1
C153: E150 | D153: 745 | E153: 3522.933 | F153: 735.89778 | G153: -14.295 | K153: 735.89778 | L153: -14.295
C154: E151 | D154: 750 | E154: 3522.061 | F154: 740.82115 | G154: -15.167 | K154: 740.82115 | L154: -15.167
C155: E152 | D155: 755 | E155: 3521.187 | F155: 745.74417 | G155: -16.041 | K155: 745.74417 | L155: -16.041
C156: E153 | D156: 760 | E156: 3520.309 | F156: 750.66648 | G156: -16.919 | K156: 750.66648 | L156: -16.919
C157: E154 | D157: 765 | E157: 3520.193 | F157: 755.66514 | G157: -17.035 | K157: 755.66514 | L157: -17.035
C158: E155 | D158: 770 | E158: 3520.998 | F158: 760.59991 | G158: -16.23 | K158: 760.59991 | L158: -16.23
C159: E156 | D159: 775 | E159: 3518.842 | F159: 765.11119 | G159: -18.386 | K159: 765.11119 | L159: -18.386
C160: E157 | D160: 780 | E160: 3516.981 | F160: 769.75195 | G160: -20.247 | K160: 769.75195 | L160: -20.247
C161: E158 | D161: 785 | E161: 3516.559 | F161: 774.73411 | G161: -20.669 | K161: 774.73411 | L161: -20.669
C162: E159 | D162: 790 | E162: 3518.217 | F162: 779.45121 | G162: -19.011 | K162: 779.45121 | L162: -19.011
C163: E160 | D163: 795 | E163: 3519.814 | F163: 784.18931 | G163: -17.414 | K163: 784.18931 | L163: -17.414
... C171: E168 | D171: 835 | E171: 3516.854 | F171: 823.23326 | G171: -20.374 | K171: 823.23326 | L171: -20.374

Sheet KUM04_RST5m
A1: G13 = E13
A2: Both 5m spacing | C2: ERT | H2: RST
A3: electrode | B3: x | C3: z | D3: x | E3: z | F3: x_true | G3: z | H3: geophone | I3: x | J3: z | K3: x | L3: z | M3: x_true | N3: z
A4: E1 | B4: 0 | C4: 3537.437 | D4: =B4 -> 0 | E4: =C4-MAX($C$4:$C$51) -> -14.92 | F4: 0 | G4: =E4 -> -14.92
A5: E2 | B5: 5 | C5: 3537.067 | D5: =B5 -> 5 | E5: =C5-MAX($C$4:$C$51) -> -15.29 | F5: =F4+(SQRT((B5-B4)^2-(C5-C4)^2)) -> 4.9862912 | G5: =E5 -> -15.29
A6: E3 | B6: 10 | C6: 3537.201 | D6: =B6 -> 10 | E6: =C6-MAX($C$4:$C$51) -> -15.156 | F6: =F5+(SQRT((B6-B5)^2-(C6-C5)^2)) -> 9.9844953 | G6: =E6 -> -15.156
A7: E4 | B7: 15 | C7: 3537.122 | D7: =B7 -> 15 | E7: =C7-MAX($C$4:$C$51) -> -15.235 | F7: =F6+(SQRT((B7-B6)^2-(C7-C6)^2)) -> 14.983871 | G7: =E7 -> -15.235
A8: E5 | B8: 20 | C8: 3538.481 | D8: =B8 -> 20 | E8: =C8-MAX($C$4:$C$51) -> -13.876 | F8: =F7+(SQRT((B8-B7)^2-(C8-C7)^2)) -> 19.79564 | G8: =E8 -> -13.876
A9: E6 | B9: 25 | C9: 3540.296 | D9: =B9 -> 25 | E9: =C9-MAX($C$4:$C$51) -> -12.061 | F9: =F8+(SQRT((B9-B8)^2-(C9-C8)^2)) -> 24.454586 | G9: =E9 -> -12.061
A10: E7 | B10: 30 | C10: 3540.719 | D10: =B10 -> 30 | E10: =C10-MAX($C$4:$C$51) -> -11.638 | F10: =F9+(SQRT((B10-B9)^2-(C10-C9)^2)) -> 29.436661 | G10: =E10 -> -11.638
A11: E8 | B11: 35 | C11: 3540.724 | D11: =B11 -> 35 | E11: =C11-MAX($C$4:$C$51) -> -11.633 | F11: =F10+(SQRT((B11-B10)^2-(C11-C10)^2)) -> 34.436658 | G11: =E11 -> -11.633
A12: E9 | B12: 40 | C12: 3540.312 | D12: =B12 -> 40 | E12: =C12-MAX($C$4:$C$51) -> -12.045 | F12: =F11+(SQRT((B12-B11)^2-(C12-C11)^2)) -> 39.419655 | G12: =E12 -> -12.045
A13: E10 | B13: 45 | C13: 3540.923 | D13: =B13 -> 45 | E13: =C13-MAX($C$4:$C$51) -> -11.434 | F13: =F12+(SQRT((B13-B12)^2-(C13-C12)^2)) -> 44.382182 | G13: =E13 -> -11.434
A14: E11 | B14: 50 | C14: 3541.463 | D14: =B14 -> 50 | E14: =C14-MAX($C$4:$C$51) -> -10.894 | F14: =F13+(SQRT((B14-B13)^2-(C14-C13)^2)) -> 49.352937 | G14: =E14 -> -10.894
A15: E12 | B15: 55 | C15: 3542.056 | D15: =B15 -> 55 | E15: =C15-MAX($C$4:$C$51) -> -10.301 | F15: =F14+(SQRT((B15-B14)^2-(C15-C14)^2)) -> 54.317647 | G15: =E15 -> -10.301 | H15: offset | M15: =M16-5 -> 54.298601 | N15: =E15 -> -10.301
A16: E13 | B16: 60 | C16: 3542.492 | D16: =B16 -> 60 | E16: =C16-MAX($C$4:$C$51) -> -9.865 | F16: =F15+(SQRT((B16-B15)^2-(C16-C15)^2)) -> 59.298601 | G16: =E16 -> -9.865 | H16: G1 | I16: =D16 -> 60 | J16: =C16 -> 3542.492 | K16: =D16 -> 60 | L16: =G16 -> -9.865 | M16: =F16 -> 59.298601 | N16: =L16 -> -9.865
A17: E14 | B17: 65 | C17: 3542.638 | D17: =B17 -> 65 | E17: =C17-MAX($C$4:$C$51) -> -9.719 | F17: =F16+(SQRT((B17-B16)^2-(C17-C16)^2)) -> 64.296469 | G17: =E17 -> -9.719 | H17: G2 | I17: =D17 -> 65 | J17: =C17 -> 3542.638 | K17: =D17 -> 65 | L17: =G17 -> -9.719 | M17: =F17 -> 64.296469 | N17: =L17 -> -9.719
A18: E15 | B18: 70 | C18: 3542.907 | D18: =B18 -> 70 | E18: =C18-MAX($C$4:$C$51) -> -9.45 | F18: =F17+(SQRT((B18-B17)^2-(C18-C17)^2)) -> 69.289228 | G18: =E18 -> -9.45 | H18: G3 | I18: =D18 -> 70 | J18: =C18 -> 3542.907 | K18: =D18 -> 70 | L18: =G18 -> -9.45 | M18: =F18 -> 69.289228 | N18: =L18 -> -9.45
A19: E16 | B19: 75 | C19: 3542.678 | D19: =B19 -> 75 | E19: =C19-MAX($C$4:$C$51) -> -9.679 | F19: =F18+(SQRT((B19-B18)^2-(C19-C18)^2)) -> 74.283981 | G19: =E19 -> -9.679 | H19: G4 | I19: =D19 -> 75 | J19: =C19 -> 3542.678 | K19: =D19 -> 75 | L19: =G19 -> -9.679 | M19: =F19 -> 74.283981 | N19: =L19 -> -9.679
A20: E17 | B20: 80 | C20: 3543.657 | D20: =B20 -> 80 | E20: =C20-MAX($C$4:$C$51) -> -8.7 | F20: =F19+(SQRT((B20-B19)^2-(C20-C19)^2)) -> 79.1872 | G20: =E20 -> -8.7 | H20: G5 | I20: =D20 -> 80 | J20: =C20 -> 3543.657 | K20: =D20 -> 80 | L20: =G20 -> -8.7 | M20: =F20 -> 79.1872 | N20: =L20 -> -8.7
A21: E18 | B21: 85 | C21: 3544.763 | D21: =B21 -> 85 | E21: =C21-MAX($C$4:$C$51) -> -7.594 | F21: =F20+(SQRT((B21-B20)^2-(C21-C20)^2)) -> 84.063343 | G21: =E21 -> -7.594 | H21: G6 | I21: =D21 -> 85 | J21: =C21 -> 3544.763 | K21: =D21 -> 85 | L21: =G21 -> -7.594 | M21: =F21 -> 84.063343 | N21: =L21 -> -7.594
A22: E19 | B22: 90 | C22: 3545.03 | D22: =B22 -> 90 | E22: =C22-MAX($C$4:$C$51) -> -7.327 | F22: =F21+(SQRT((B22-B21)^2-(C22-C21)^2)) -> 89.056209 | G22: =E22 -> -7.327 | H22: G7 | I22: =D22 -> 90 | J22: =C22 -> 3545.03 | K22: =D22 -> 90 | L22: =G22 -> -7.327 | M22: =F22 -> 89.056209 | N22: =L22 -> -7.327
A23: E20 | B23: 95 | C23: 3544.674 | D23: =B23 -> 95 | E23: =C23-MAX($C$4:$C$51) -> -7.683 | F23: =F22+(SQRT((B23-B22)^2-(C23-C22)^2)) -> 94.043519 | G23: =E23 -> -7.683 | H23: G8 | I23: =D23 -> 95 | J23: =C23 -> 3544.674 | K23: =D23 -> 95 | L23: =G23 -> -7.683 | M23: =F23 -> 94.043519 | N23: =L23 -> -7.683
A24: E21 | B24: 100 | C24: 3545.472 | D24: =B24 -> 100 | E24: =C24-MAX($C$4:$C$51) -> -6.885 | F24: =F23+(SQRT((B24-B23)^2-(C24-C23)^2)) -> 98.979428 | G24: =E24 -> -6.885 | H24: G9 | I24: =D24 -> 100 | J24: =C24 -> 3545.472 | K24: =D24 -> 100 | L24: =G24 -> -6.885 | M24: =F24 -> 98.979428 | N24: =L24 -> -6.885
A25: E22 | B25: 105 | C25: 3547.264 | D25: =B25 -> 105 | E25: =C25-MAX($C$4:$C$51) -> -5.093 | F25: =F24+(SQRT((B25-B24)^2-(C25-C24)^2)) -> 103.64727 | G25: =E25 -> -5.093 | H25: G10 | I25: =D25 -> 105 | J25: =C25 -> 3547.264 | K25: =D25 -> 105 | L25: =G25 -> -5.093 | M25: =F25 -> 103.64727 | N25: =L25 -> -5.093
A26: E23 | B26: 110 | C26: 3547.008 | D26: =B26 -> 110 | E26: =C26-MAX($C$4:$C$51) -> -5.349 | F26: =F25+(SQRT((B26-B25)^2-(C26-C25)^2)) -> 108.64071 | G26: =E26 -> -5.349 | H26: G11 | I26: =D26 -> 110 | J26: =C26 -> 3547.008 | K26: =D26 -> 110 | L26: =G26 -> -5.349 | M26: =F26 -> 108.64071 | N26: =L26 -> -5.349
A27: E24 | B27: 115 | C27: 3546.474 | D27: =B27 -> 115 | E27: =C27-MAX($C$4:$C$51) -> -5.883 | F27: =F26+(SQRT((B27-B26)^2-(C27-C26)^2)) -> 113.61211 | G27: =E27 -> -5.883 | H27: G12 | I27: =D27 -> 115 | J27: =C27 -> 3546.474 | K27: =D27 -> 115 | L27: =G27 -> -5.883 | M27: =F27 -> 113.61211 | N27: =L27 -> -5.883
... A39: E36 | B39: 175 | C39: 3548.836 | D39: =B39 -> 175 | E39: =C39-MAX($C$4:$C$51) -> -3.521 | F39: =F38+(SQRT((B39-B38)^2-(C39-C38)^2)) -> 173.22071 | G39: =E39 -> -3.521 | H39: G24 | I39: =D39 -> 175 | J39: =C39 -> 3548.836 | K39: =D39 -> 175 | L39: =G39 -> -3.521 | M39: =F39 -> 173.22071 | N39: =L39 -> -3.521
A40: E37 | B40: 180 | C40: 3549.523 | D40: =B40 -> 180 | E40: =C40-MAX($C$4:$C$51) -> -2.834 | F40: =F39+(SQRT((B40-B39)^2-(C40-C39)^2)) -> 178.17329 | G40: =E40 -> -2.834 | H40: offset | M40: =M39+7.5 -> 180.72071 | N40: =E40 -> -2.834
A41: E38 | B41: 185 | C41: 3548.75 | D41: =B41 -> 185 | E41: =C41-MAX($C$4:$C$51) -> -3.607 | F41: =F40+(SQRT((B41-B40)^2-(C41-C40)^2)) -> 183.11317 | G41: =E41 -> -3.607
A42: E39 | B42: 190 | C42: 3547.85 | D42: =B42 -> 190 | E42: =C42-MAX($C$4:$C$51) -> -4.507 | F42: =F41+(SQRT((B42-B41)^2-(C42-C41)^2)) -> 188.03151 | G42: =E42 -> -4.507
A43: E40 | B43: 195 | C43: 3547.906 | D43: =B43 -> 195 | E43: =C43-MAX($C$4:$C$51) -> -4.451 | F43: =F42+(SQRT((B43-B42)^2-(C43-C42)^2)) -> 193.03119 | G43: =E43 -> -4.451
A44: E41 | B44: 200 | C44: 3549.394 | D44: =B44 -> 200 | E44: =C44-MAX($C$4:$C$51) -> -2.963 | F44: =F43+(SQRT((B44-B43)^2-(C44-C43)^2)) -> 197.80465 | G44: =E44 -> -2.963
A45: E42 | B45: 205 | C45: 3549.606 | D45: =B45 -> 205 | E45: =C45-MAX($C$4:$C$51) -> -2.751 | F45: =F44+(SQRT((B45-B44)^2-(C45-C44)^2)) -> 202.80015 | G45: =E45 -> -2.751
A46: E43 | B46: 210 | C46: 3549.427 | D46: =B46 -> 210 | E46: =C46-MAX($C$4:$C$51) -> -2.93 | F46: =F45+(SQRT((B46-B45)^2-(C46-C45)^2)) -> 207.79694 | G46: =E46 -> -2.93
A47: E44 | B47: 215 | C47: 3549.347 | D47: =B47 -> 215 | E47: =C47-MAX($C$4:$C$51) -> -3.01 | F47: =F46+(SQRT((B47-B46)^2-(C47-C46)^2)) -> 212.7963 | G47: =E47 -> -3.01
A48: E45 | B48: 220 | C48: 3550.766 | D48: =B48 -> 220 | E48: =C48-MAX($C$4:$C$51) -> -1.591 | F48: =F47+(SQRT((B48-B47)^2-(C48-C47)^2)) -> 217.59072 | G48: =E48 -> -1.591
A49: E46 | B49: 225 | C49: 3551.818 | D49: =B49 -> 225 | E49: =C49-MAX($C$4:$C$51) -> -0.539 | F49: =F48+(SQRT((B49-B48)^2-(C49-C48)^2)) -> 222.4788 | G49: =E49 -> -0.539
A50: E47 | B50: 230 | C50: 3552.357 | D50: =B50 -> 230 | E50: =C50-MAX($C$4:$C$51) -> 0 | F50: =F49+(SQRT((B50-B49)^2-(C50-C49)^2)) -> 227.44966 | G50: =E50 -> 0
A51: E48 | B51: 235 | C51: 3551.907 | D51: =B51 -> 235 | E51: =C51-MAX($C$4:$C$51) -> -0.45 | F51: =F50+(SQRT((B51-B50)^2-(C51-C50)^2)) -> 232.42937 | G51: =E51 -> -0.45

Sheet KUM04_RST2m
A1: Where do they match??
A2: ERT | B2: 2m
A3: RST | B3: 2m
C4: ERT | H4: RST
A5: electrode | B5: x | C5: z | D5: x | E5: z | F5: x_true | G5: z
A6: E1 | B6: 0 | C6: 3544.4 | D6: =B6 -> 0 | E6: =C6-MAX($C$6:$C$53) -> -9.133 | F6: 0 | G6: =E6 -> -9.133
A7: E2 | B7: 2 | C7: 3544.393 | D7: =B7 -> 2 | E7: =C7-MAX($C$6:$C$53) -> -9.14 | F7: =F6+(SQRT((B7-B6)^2-(C7-C6)^2)) -> 1.9999877 | G7: =E7 -> -9.14
A8: E3 | B8: 4 | C8: 3544.731 | D8: =B8 -> 4 | E8: =C8-MAX($C$6:$C$53) -> -8.802 | F8: =F7+(SQRT((B8-B7)^2-(C8-C7)^2)) -> 3.9712199 | G8: =E8 -> -8.802
A9: E4 | B9: 6 | C9: 3545.338 | D9: =B9 -> 6 | E9: =C9-MAX($C$6:$C$53) -> -8.195 | F9: =F8+(SQRT((B9-B8)^2-(C9-C8)^2)) -> 5.8768827 | G9: =E9 -> -8.195
A10: E5 | B10: 8 | C10: 3545.998 | D10: =B10 -> 8 | E10: =C10-MAX($C$6:$C$53) -> -7.535 | F10: =F9+(SQRT((B10-B9)^2-(C10-C9)^2)) -> 7.7648446 | G10: =E10 -> -7.535
A11: E6 | B11: 10 | C11: 3546.106 | D11: =B11 -> 10 | E11: =C11-MAX($C$6:$C$53) -> -7.427 | F11: =F10+(SQRT((B11-B10)^2-(C11-C10)^2)) -> 9.7619265 | G11: =E11 -> -7.427
A12: E7 | B12: 12 | C12: 3546.509 | D12: =B12 -> 12 | E12: =C12-MAX($C$6:$C$53) -> -7.024 | F12: =F11+(SQRT((B12-B11)^2-(C12-C11)^2)) -> 11.720903 | G12: =E12 -> -7.024
A13: E8 | B13: 14 | C13: 3546.663 | D13: =B13 -> 14 | E13: =C13-MAX($C$6:$C$53) -> -6.87 | F13: =F12+(SQRT((B13-B12)^2-(C13-C12)^2)) -> 13.714966 | G13: =E13 -> -6.87
A14: E9 | B14: 16 | C14: 3547.005 | D14: =B14 -> 16 | E14: =C14-MAX($C$6:$C$53) -> -6.528 | F14: =F13+(SQRT((B14-B13)^2-(C14-C13)^2)) -> 15.685508 | G14: =E14 -> -6.528
A15: E10 | B15: 18 | C15: 3546.703 | D15: =B15 -> 18 | E15: =C15-MAX($C$6:$C$53) -> -6.83 | F15: =F14+(SQRT((B15-B14)^2-(C15-C14)^2)) -> 17.662575 | G15: =E15 -> -6.83
A16: E11 | B16: 20 | C16: 3546.729 | D16: =B16 -> 20 | E16: =C16-MAX($C$6:$C$53) -> -6.804 | F16: =F15+(SQRT((B16-B15)^2-(C16-C15)^2)) -> 19.662406 | G16: =E16 -> -6.804
A17: E12 | B17: 22 | C17: 3545.908 | D17: =B17 -> 22 | E17: =C17-MAX($C$6:$C$53) -> -7.625 | F17: =F16+(SQRT((B17-B16)^2-(C17-C16)^2)) -> 21.486127 | G17: =E17 -> -7.625
A18: E13 | B18: 24 | C18: 3545.374 | D18: =B18 -> 24 | E18: =C18-MAX($C$6:$C$53) -> -8.159 | F18: =F17+(SQRT((B18-B17)^2-(C18-C17)^2)) -> 23.413521 | G18: =E18 -> -8.159
... A53: E48 | B53: 94 | C53: 3552.45 | D53: =B53 -> 94 | E53: =C53-MAX($C$6:$C$53) -> -1.083 | F53: =F52+(SQRT((B53-B52)^2-(C53-C52)^2)) -> 89.95401 | G53: =E53 -> -1.083

Sheet abra04_2023-07-20_5m
A1: G1 = E13 | B1: ERT | D1: ERT depth | F1: ERT true horziontal | H1: RST (geophones) true horizontal | M1: Make RST start with highest point at point 0 for PJI | R1: RST max= | S1: =MAX(J2:J39) -> 2.2439959 | U1: RST topo_surface | X1: RST _topo (true horizontal x)
M2: This fits the ERT with the RST topo for pji inversions!
A3: E1 | B3: 0 | D3: =B3 -> 0 | E3: 0 | F3: 0 | G3: =E3 -> 0 | M3: RST final pygimli fit | P3: ERT final (trure horizontal)
A4: E2 | B4: 5 | D4: =B4 -> 5 | E4: -0.058176329 | F4: =F3+(SQRT((D4-D3)^2-(E4-E3)^2)) -> 4.9996615 | G4: =E4 -> -0.058176329 | P4: =F3 -> 0 | Q4: =G3-$S$1 -> -2.2439959
A5: E3 | B5: 10 | D5: =B5 -> 10 | E5: 0.98258305 | F5: =F4+(SQRT((D5-D4)^2-(E5-E4)^2)) -> 9.8901441 | G5: =E5 -> 0.98258305 | P5: =F4 -> 4.9996615 | Q5: =G4-$S$1 -> -2.3021722
A6: E4 | B6: 15 | D6: =B6 -> 15 | E6: 1.0395585 | F6: =F5+(SQRT((D6-D5)^2-(E6-E5)^2)) -> 14.889819 | G6: =E6 -> 1.0395585 | P6: =F5 -> 9.8901441 | Q6: =G5-$S$1 -> -1.2614129
A7: E5 | B7: 20 | D7: =B7 -> 20 | E7: 0.92547461 | F7: =F6+(SQRT((D7-D6)^2-(E7-E6)^2)) -> 19.888518 | G7: =E7 -> 0.92547461 | P7: =F6 -> 14.889819 | Q7: =G6-$S$1 -> -1.2044374
A8: E6 | B8: 25 | D8: =B8 -> 25 | E8: 0.23262656 | F8: =F7+(SQRT((D8-D7)^2-(E8-E7)^2)) -> 24.840281 | G8: =E8 -> 0.23262656 | P8: =F7 -> 19.888518 | Q8: =G7-$S$1 -> -1.3185213
A9: E7 | B9: 30 | D9: =B9 -> 30 | E9: 0.81088962 | F9: =F8+(SQRT((D9-D8)^2-(E9-E8)^2)) -> 29.80673 | G9: =E9 -> 0.81088962 | P9: =F8 -> 24.840281 | Q9: =G8-$S$1 -> -2.0113693
A10: E8 | B10: 35 | D10: =B10 -> 35 | E10: 0.63820824 | F10: =F9+(SQRT((D10-D9)^2-(E10-E9)^2)) -> 34.803747 | G10: =E10 -> 0.63820824 | P10: =F9 -> 29.80673 | Q10: =G9-$S$1 -> -1.4331063
A11: E9 | B11: 40 | D11: =B11 -> 40 | E11: 0.52264232 | F11: =F10+(SQRT((D11-D10)^2-(E11-E10)^2)) -> 39.802411 | G11: =E11 -> 0.52264232 | P11: =F10 -> 34.803747 | Q11: =G10-$S$1 -> -1.6057877
A12: E10 | B12: 45 | D12: =B12 -> 45 | E12: 0.58046457 | F12: =F11+(SQRT((D12-D11)^2-(E12-E11)^2)) -> 44.802077 | G12: =E12 -> 0.58046457 | P12: =F11 -> 39.802411 | Q12: =G11-$S$1 -> -1.7213536
A13: E11 | B13: 50 | D13: =B13 -> 50 | E13: 0.6958655 | F13: =F12+(SQRT((D13-D12)^2-(E13-E12)^2)) -> 49.800745 | G13: =E13 -> 0.6958655 | P13: =F12 -> 44.802077 | Q13: =G12-$S$1 -> -1.6635313
A14: E12 | B14: 55 | D14: =B14 -> 55 | E14: 1.0395585 | F14: =F13+(SQRT((D14-D13)^2-(E14-E13)^2)) -> 54.788919 | G14: =E14 -> 1.0395585 | P14: =F13 -> 49.800745 | Q14: =G13-$S$1 -> -1.5481304
A15: E13 | B15: 60 | D15: =B15 -> 60 | E15: 1.1530794 | F15: =F14+(SQRT((D15-D14)^2-(E15-E14)^2)) -> 59.78763 | G15: =E15 -> 1.1530794 | H15: offset | I15: 57.8 | J15: =G14 -> 1.0395585 | M15: =I15 -> 57.8 | N15: =J15-$S$1 -> -1.2044374 | P15: =F14 -> 54.788919 | Q15: =G14-$S$1 -> -1.2044374 | U15: -2 | V15: =N15 -> -1.2044374 | X15: -2 | Y15: =V15 -> -1.2044374
A16: E14 | B16: 65 | D16: =B16 -> 65 | E16: 1.7101007 | F16: =F15+(SQRT((D16-D15)^2-(E16-E15)^2)) -> 64.756506 | G16: =E16 -> 1.7101007 | H16: G1 | I16: =F15 -> 59.78763 | J16: =G15 -> 1.1530794 | M16: =I16 -> 59.78763 | N16: =J16-$S$1 -> -1.0909165 | P16: =F15 -> 59.78763 | Q16: =G15-$S$1 -> -1.0909165 | U16: 0 | V16: =N16 -> -1.0909165 | X16: =M16-MIN($M$16:$M$57) -> 0 | Y16: =V16 -> -1.0909165
A17: E15 | B17: 70 | D17: =B17 -> 70 | E17: 1.2096095 | F17: =F16+(SQRT((D17-D16)^2-(E17-E16)^2)) -> 69.731393 | G17: =E17 -> 1.2096095 | H17: G2 | I17: =F16 -> 64.756506 | J17: =G16 -> 1.7101007 | M17: =I17 -> 64.756506 | N17: =J17-$S$1 -> -0.53389518 | P17: =F16 -> 64.756506 | Q17: =G16-$S$1 -> -0.53389518 | U17: 5 | V17: =N17 -> -0.53389518 | X17: =M17-MIN($M$16:$M$57) -> 4.9688758 | Y17: =V17 -> -0.53389518
A18: E16 | B18: 75 | D18: =B18 -> 75 | E18: 2.2439959 | F18: =F17+(SQRT((D18-D17)^2-(E18-E17)^2)) -> 74.623228 | G18: =E18 -> 2.2439959 | H18: G3 | I18: =F17 -> 69.731393 | J18: =G17 -> 1.2096095 | M18: =I18 -> 69.731393 | N18: =J18-$S$1 -> -1.0343864 | P18: =F17 -> 69.731393 | Q18: =G17-$S$1 -> -1.0343864 | U18: 10 | V18: =N18 -> -1.0343864 | X18: =M18-MIN($M$16:$M$57) -> 9.9437636 | Y18: =V18 -> -1.0343864
A19: E17 | B19: 80 | D19: =B19 -> 80 | E19: -0.58046457 | F19: =F18+(SQRT((D19-D18)^2-(E19-E18)^2)) -> 78.749052 | G19: =E19 -> -0.58046457 | H19: G4 | I19: =F18 -> 74.623228 | J19: =G18 -> 2.2439959 | M19: =I19 -> 74.623228 | N19: =J19-$S$1 -> 0 | P19: =F18 -> 74.623228 | Q19: =G18-$S$1 -> 0 | U19: 15 | V19: =N19 -> 0 | X19: =M19-MIN($M$16:$M$57) -> 14.835598 | Y19: =V19 -> 0
A20: E18 | B20: 85 | D20: =B20 -> 85 | E20: 0.46474931 | F20: =F19+(SQRT((D20-D19)^2-(E20-E19)^2)) -> 83.638584 | G20: =E20 -> 0.46474931 | H20: G5 | I20: =F19 -> 78.749052 | J20: =G19 -> -0.58046457 | M20: =I20 -> 78.749052 | N20: =J20-$S$1 -> -2.8244605 | P20: =F19 -> 78.749052 | Q20: =G19-$S$1 -> -2.8244605 | U20: 20 | V20: =N20 -> -2.8244605 | X20: =M20-MIN($M$16:$M$57) -> 18.961422 | Y20: =V20 -> -2.8244605
A21: E19 | B21: 90 | D21: =B21 -> 90 | E21: 1.3781868 | F21: =F20+(SQRT((D21-D20)^2-(E21-E20)^2)) -> 88.55444 | G21: =E21 -> 1.3781868 | H21: G6 | I21: =F20 -> 83.638584 | J21: =G20 -> 0.46474931 | M21: =I21 -> 83.638584 | N21: =J21-$S$1 -> -1.7792466 | P21: =F20 -> 83.638584 | Q21: =G20-$S$1 -> -1.7792466 | U21: 25 | V21: =N21 -> -1.7792466 | X21: =M21-MIN($M$16:$M$57) -> 23.850955 | Y21: =V21 -> -1.7792466
A22: E20 | B22: 95 | D22: =B22 -> 95 | E22: -0.34878237 | F22: =F21+(SQRT((D22-D21)^2-(E22-E21)^2)) -> 93.246729 | G22: =E22 -> -0.34878237 | H22: G7 | I22: =F21 -> 88.55444 | J22: =G21 -> 1.3781868 | M22: =I22 -> 88.55444 | N22: =J22-$S$1 -> -0.86580912 | P22: =F21 -> 88.55444 | Q22: =G21-$S$1 -> -0.86580912 | U22: 30 | V22: =N22 -> -0.86580912 | X22: =M22-MIN($M$16:$M$57) -> 28.76681 | Y22: =V22 -> -0.86580912
A23: E21 | B23: 100 | D23: =B23 -> 100 | E23: -0.92547461 | F23: =F22+(SQRT((D23-D22)^2-(E23-E22)^2)) -> 98.21336 | G23: =E23 -> -0.92547461 | H23: G8 | I23: =F22 -> 93.246729 | J23: =G22 -> -0.34878237 | M23: =I23 -> 93.246729 | N23: =J23-$S$1 -> -2.5927783 | P23: =F22 -> 93.246729 | Q23: =G22-$S$1 -> -2.5927783 | U23: 35 | V23: =N23 -> -2.5927783 | X23: =M23-MIN($M$16:$M$57) -> 33.459099 | Y23: =V23 -> -2.5927783
A24: E22 | B24: 105 | D24: =B24 -> 105 | E24: 0.46474931 | F24: =F23+(SQRT((D24-D23)^2-(E24-E23)^2)) -> 103.0162 | G24: =E24 -> 0.46474931 | H24: G9 | I24: =F23 -> 98.21336 | J24: =G23 -> -0.92547461 | M24: =I24 -> 98.21336 | N24: =J24-$S$1 -> -3.1694705 | P24: =F23 -> 98.21336 | Q24: =G23-$S$1 -> -3.1694705 | U24: 40 | V24: =N24 -> -3.1694705 | X24: =M24-MIN($M$16:$M$57) -> 38.42573 | Y24: =V24 -> -3.1694705
A25: E23 | B25: 110 | D25: =B25 -> 110 | E25: -0.17449748 | F25: =F24+(SQRT((D25-D24)^2-(E25-E24)^2)) -> 107.97517 | G25: =E25 -> -0.17449748 | H25: G10 | I25: =F24 -> 103.0162 | J25: =G24 -> 0.46474931 | M25: =I25 -> 103.0162 | N25: =J25-$S$1 -> -1.7792466 | P25: =F24 -> 103.0162 | Q25: =G24-$S$1 -> -1.7792466 | U25: 45 | V25: =N25 -> -1.7792466 | X25: =M25-MIN($M$16:$M$57) -> 43.228571 | Y25: =V25 -> -1.7792466
A26: E24 | B26: 115 | D26: =B26 -> 115 | E26: 0.81088962 | F26: =F25+(SQRT((D26-D25)^2-(E26-E25)^2)) -> 112.87711 | G26: =E26 -> 0.81088962 | H26: G11 | I26: =F25 -> 107.97517 | J26: =G25 -> -0.17449748 | M26: =I26 -> 107.97517 | N26: =J26-$S$1 -> -2.4184934 | P26: =F25 -> 107.97517 | Q26: =G25-$S$1 -> -2.4184934 | U26: 50 | V26: =N26 -> -2.4184934 | X26: =M26-MIN($M$16:$M$57) -> 48.187539 | Y26: =V26 -> -2.4184934
A27: E25 | B27: 120 | D27: =B27 -> 120 | E27: 0.98258305 | F27: =F26+(SQRT((D27-D26)^2-(E27-E26)^2)) -> 117.87416 | G27: =E27 -> 0.98258305 | H27: G12 | I27: =F26 -> 112.87711 | J27: =G26 -> 0.81088962 | M27: =I27 -> 112.87711 | N27: =J27-$S$1 -> -1.4331063 | P27: =F26 -> 112.87711 | Q27: =G26-$S$1 -> -1.4331063 | U27: 55 | V27: =N27 -> -1.4331063 | X27: =M27-MIN($M$16:$M$57) -> 53.089478 | Y27: =V27 -> -1.4331063
... A57: E55 | B57: 270 | D57: =B57 -> 270 | E57: 2.2439959 | F57: =F56+(SQRT((D57-D56)^2-(E57-E56)^2)) -> 267.38956 | G57: =E57 -> 2.2439959 | H57: G42 | I57: =F56 -> 262.46509 | J57: =G56 -> 1.3781868 | M57: =I57 -> 262.46509 | N57: =J57-$S$1 -> -0.86580912 | P57: =F56 -> 262.46509 | Q57: =G56-$S$1 -> -0.86580912 | U57: 205 | V57: =N57 -> -0.86580912 | X57: =M57-MIN($M$16:$M$57) -> 202.67746 | Y57: =V57 -> -0.86580912
A58: E56 | B58: 275 | D58: =B58 -> 275 | E58: 0.75342856 | F58: =F57+(SQRT((D58-D57)^2-(E58-E57)^2)) -> 272.16221 | G58: =E58 -> 0.75342856 | P58: =F57 -> 267.38956 | Q58: =G57-$S$1 -> 0
A59: E57 | B59: 280 | D59: =B59 -> 280 | E59: 0.17449748 | F59: =F58+(SQRT((D59-D58)^2-(E59-E58)^2)) -> 277.12858 | G59: =E59 -> 0.17449748 | P59: =F58 -> 272.16221 | Q59: =G58-$S$1 -> -1.4905673
A60: E58 | B60: 285 | D60: =B60 -> 285 | E60: 0.86824089 | F60: =F59+(SQRT((D60-D59)^2-(E60-E59)^2)) -> 282.08022 | G60: =E60 -> 0.86824089 | P60: =F59 -> 277.12858 | Q60: =G59-$S$1 -> -2.0694984
A61: E59 | B61: 290 | D61: =B61 -> 290 | E61: 1.2096095 | F61: =F60+(SQRT((D61-D60)^2-(E61-E60)^2)) -> 287.06855 | G61: =E61 -> 1.2096095 | P61: =F60 -> 282.08022 | Q61: =G60-$S$1 -> -1.375755
A62: E60 | B62: 295 | D62: =B62 -> 295 | E62: 1.7101007 | F62: =F61+(SQRT((D62-D61)^2-(E62-E61)^2)) -> 292.04344 | G62: =E62 -> 1.7101007 | P62: =F61 -> 287.06855 | Q62: =G61-$S$1 -> -1.0343864
A63: E61 | B63: 300 | D63: =B63 -> 300 | E63: 0.6958655 | F63: =F62+(SQRT((D63-D62)^2-(E63-E62)^2)) -> 296.93949 | G63: =E63 -> 0.6958655 | P63: =F62 -> 292.04344 | Q63: =G62-$S$1 -> -0.53389518
A64: E62 | B64: 305 | D64: =B64 -> 305 | E64: 0.34878237 | F64: =F63+(SQRT((D64-D63)^2-(E64-E63)^2)) -> 301.92743 | G64: =E64 -> 0.34878237 | P64: =F63 -> 296.93949 | Q64: =G63-$S$1 -> -1.5481304
A65: E63 | B65: 310 | D65: =B65 -> 310 | E65: 0.86824089 | F65: =F64+(SQRT((D65-D64)^2-(E65-E64)^2)) -> 306.90038 | G65: =E65 -> 0.86824089 | P65: =F64 -> 301.92743 | Q65: =G64-$S$1 -> -1.8952135
A66: E64 | B66: 315 | D66: =B66 -> 315 | E66: 0.98258305 | F66: =F65+(SQRT((D66-D65)^2-(E66-E65)^2)) -> 311.89907 | G66: =E66 -> 0.98258305 | P66: =F65 -> 306.90038 | Q66: =G65-$S$1 -> -1.375755
A67: E65 | B67: 320 | D67: =B67 -> 320 | E67: 1.0395585 | F67: =F66+(SQRT((D67-D66)^2-(E67-E66)^2)) -> 316.89874 | G67: =E67 -> 1.0395585 | P67: =F66 -> 311.89907 | Q67: =G66-$S$1 -> -1.2614129
A68: E66 | B68: 325 | D68: =B68 -> 325 | E68: 1.0395585 | F68: =F67+(SQRT((D68-D67)^2-(E68-E67)^2)) -> 321.89874 | G68: =E68 -> 1.0395585 | P68: =F67 -> 316.89874 | Q68: =G67-$S$1 -> -1.2044374
A69: E67 | B69: 330 | D69: =B69 -> 330 | E69: 1.2096095 | F69: =F68+(SQRT((D69-D68)^2-(E69-E68)^2)) -> 326.89585 | G69: =E69 -> 1.2096095 | P69: =F68 -> 321.89874 | Q69: =G68-$S$1 -> -1.2044374
... A75: E73 | B75: 360 | D75: =B75 -> 360 | E75: 1.3221708 | F75: =F74+(SQRT((D75-D74)^2-(E75-E74)^2)) -> 356.89458 | G75: =E75 -> 1.3221708 | P75: =F74 -> 351.89458 | Q75: =G74-$S$1 -> -0.92182509
P76: =F75 -> 356.89458 | Q76: =G75-$S$1 -> -0.92182509

Sheet abra07
A1: G1 = E1 | B1: ERT | D1: ERT depth | F1: ERT true horziontal | H1: RST (geophones) true horizontal | M1: Make RST start with highest point at point 0 for PJI | R1: RST max= | S1: =MAX(J4:J27) -> 0 | U1: RST topo_surface | X1: RST _topo (true horizontal x)
M2: RST final pygimli fit | P2: ERT final (trure horizontal) | U2: -2 | V2: =N3 -> 0 | X2: -2 | Y2: =V2 -> 0
A3: offset | H3: offset | I3: -5 | J3: 0 | M3: =I3 -> -5 | N3: 0 | P3: =F4 -> 0 | Q3: =G4-$S$1 -> 0 | U3: 0 | V3: =N4 -> 0 | X3: =M4-MIN($M$4:$M$56) -> 0 | Y3: =V3 -> 0
A4: E1 | B4: 0 | D4: =B4 -> 0 | E4: 0 | F4: 0 | G4: =E4 -> 0 | H4: G1 | I4: =F4 -> 0 | J4: =G4 -> 0 | M4: =I4 -> 0 | N4: =J4-$S$1 -> 0 | P4: =F5 -> 4.9959984 | Q4: =G5-$S$1 -> -0.2 | U4: 5 | V4: =N5 -> -0.2 | X4: =M5-MIN($M$4:$M$56) -> 4.9959984 | Y4: =V4 -> -0.2
A5: E2 | B5: 5 | D5: =B5 -> 5 | E5: -0.2 | F5: =F4+(SQRT((D5-D4)^2-(E5-E4)^2)) -> 4.9959984 | G5: =E5 -> -0.2 | H5: G2 | I5: =F5 -> 4.9959984 | J5: =G5 -> -0.2 | M5: =I5 -> 4.9959984 | N5: =J5-$S$1 -> -0.2 | P5: =F6 -> 9.9949983 | Q5: =G6-$S$1 -> -0.3 | U5: 10 | V5: =N6 -> -0.3 | X5: =M6-MIN($M$4:$M$56) -> 9.9949983 | Y5: =V5 -> -0.3
A6: E3 | B6: 10 | D6: =B6 -> 10 | E6: -0.3 | F6: =F5+(SQRT((D6-D5)^2-(E6-E5)^2)) -> 9.9949983 | G6: =E6 -> -0.3 | H6: G3 | I6: =F6 -> 9.9949983 | J6: =G6 -> -0.3 | M6: =I6 -> 9.9949983 | N6: =J6-$S$1 -> -0.3 | P6: =F7 -> 14.990997 | Q6: =G7-$S$1 -> -0.5 | U6: 15 | V6: =N7 -> -0.5 | X6: =M7-MIN($M$4:$M$56) -> 14.990997 | Y6: =V6 -> -0.5
A7: E4 | B7: 15 | D7: =B7 -> 15 | E7: -0.5 | F7: =F6+(SQRT((D7-D6)^2-(E7-E6)^2)) -> 14.990997 | G7: =E7 -> -0.5 | H7: G4 | I7: =F7 -> 14.990997 | J7: =G7 -> -0.5 | M7: =I7 -> 14.990997 | N7: =J7-$S$1 -> -0.5 | P7: =F8 -> 19.986995 | Q7: =G8-$S$1 -> -0.7 | U7: 20 | V7: =N8 -> -0.7 | X7: =M8-MIN($M$4:$M$56) -> 19.986995 | Y7: =V7 -> -0.7
A8: E5 | B8: 20 | D8: =B8 -> 20 | E8: -0.7 | F8: =F7+(SQRT((D8-D7)^2-(E8-E7)^2)) -> 19.986995 | G8: =E8 -> -0.7 | H8: G5 | I8: =F8 -> 19.986995 | J8: =G8 -> -0.7 | M8: =I8 -> 19.986995 | N8: =J8-$S$1 -> -0.7 | P8: =F9 -> 24.985995 | Q8: =G9-$S$1 -> -0.8 | U8: 25 | V8: =N9 -> -0.8 | X8: =M9-MIN($M$4:$M$56) -> 24.985995 | Y8: =V8 -> -0.8
A9: E6 | B9: 25 | D9: =B9 -> 25 | E9: -0.8 | F9: =F8+(SQRT((D9-D8)^2-(E9-E8)^2)) -> 24.985995 | G9: =E9 -> -0.8 | H9: G6 | I9: =F9 -> 24.985995 | J9: =G9 -> -0.8 | M9: =I9 -> 24.985995 | N9: =J9-$S$1 -> -0.8 | P9: =F10 -> 29.984995 | Q9: =G10-$S$1 -> -0.9 | U9: 30 | V9: =N10 -> -0.9 | X9: =M10-MIN($M$4:$M$56) -> 29.984995 | Y9: =V9 -> -0.9
A10: E7 | B10: 30 | D10: =B10 -> 30 | E10: -0.9 | F10: =F9+(SQRT((D10-D9)^2-(E10-E9)^2)) -> 29.984995 | G10: =E10 -> -0.9 | H10: G7 | I10: =F10 -> 29.984995 | J10: =G10 -> -0.9 | M10: =I10 -> 29.984995 | N10: =J10-$S$1 -> -0.9 | P10: =F11 -> 34.984995 | Q10: =G11-$S$1 -> -0.9 | U10: 35 | V10: =N11 -> -0.9 | X10: =M11-MIN($M$4:$M$56) -> 34.984995 | Y10: =V10 -> -0.9
A11: E8 | B11: 35 | D11: =B11 -> 35 | E11: -0.9 | F11: =F10+(SQRT((D11-D10)^2-(E11-E10)^2)) -> 34.984995 | G11: =E11 -> -0.9 | H11: G8 | I11: =F11 -> 34.984995 | J11: =G11 -> -0.9 | M11: =I11 -> 34.984995 | N11: =J11-$S$1 -> -0.9 | P11: =F12 -> 39.984995 | Q11: =G12-$S$1 -> -0.9 | U11: 40 | V11: =N12 -> -0.9 | X11: =M12-MIN($M$4:$M$56) -> 39.984995 | Y11: =V11 -> -0.9
A12: E9 | B12: 40 | D12: =B12 -> 40 | E12: -0.9 | F12: =F11+(SQRT((D12-D11)^2-(E12-E11)^2)) -> 39.984995 | G12: =E12 -> -0.9 | H12: G9 | I12: =F12 -> 39.984995 | J12: =G12 -> -0.9 | M12: =I12 -> 39.984995 | N12: =J12-$S$1 -> -0.9 | P12: =F13 -> 44.983995 | Q12: =G13-$S$1 -> -1 | U12: 45 | V12: =N13 -> -1 | X12: =M13-MIN($M$4:$M$56) -> 44.983995 | Y12: =V12 -> -1
A13: E10 | B13: 45 | D13: =B13 -> 45 | E13: -1 | F13: =F12+(SQRT((D13-D12)^2-(E13-E12)^2)) -> 44.983995 | G13: =E13 -> -1 | H13: G10 | I13: =F13 -> 44.983995 | J13: =G13 -> -1 | M13: =I13 -> 44.983995 | N13: =J13-$S$1 -> -1 | P13: =F14 -> 49.983995 | Q13: =G14-$S$1 -> -1 | U13: 50 | V13: =N14 -> -1 | X13: =M14-MIN($M$4:$M$56) -> 49.983995 | Y13: =V13 -> -1
A14: E11 | B14: 50 | D14: =B14 -> 50 | E14: -1 | F14: =F13+(SQRT((D14-D13)^2-(E14-E13)^2)) -> 49.983995 | G14: =E14 -> -1 | H14: G11 | I14: =F14 -> 49.983995 | J14: =G14 -> -1 | M14: =I14 -> 49.983995 | N14: =J14-$S$1 -> -1 | P14: =F15 -> 54.982995 | Q14: =G15-$S$1 -> -1.1 | U14: 55 | V14: =N15 -> -1.1 | X14: =M15-MIN($M$4:$M$56) -> 54.982995 | Y14: =V14 -> -1.1
A15: E12 | B15: 55 | D15: =B15 -> 55 | E15: -1.1 | F15: =F14+(SQRT((D15-D14)^2-(E15-E14)^2)) -> 54.982995 | G15: =E15 -> -1.1 | H15: G12 | I15: =F15 -> 54.982995 | J15: =G15 -> -1.1 | M15: =I15 -> 54.982995 | N15: =J15-$S$1 -> -1.1 | P15: =F16 -> 59.981995 | Q15: =G16-$S$1 -> -1.2 | U15: 60 | V15: =N16 -> -1.2 | X15: =M16-MIN($M$4:$M$56) -> 59.981995 | Y15: =V15 -> -1.2
A16: E13 | B16: 60 | D16: =B16 -> 60 | E16: -1.2 | F16: =F15+(SQRT((D16-D15)^2-(E16-E15)^2)) -> 59.981995 | G16: =E16 -> -1.2 | H16: G13 | I16: =F16 -> 59.981995 | J16: =G16 -> -1.2 | M16: =I16 -> 59.981995 | N16: =J16-$S$1 -> -1.2 | P16: =F17 -> 64.981995 | Q16: =G17-$S$1 -> -1.2 | U16: 65 | V16: =N17 -> -1.2 | X16: =M17-MIN($M$4:$M$56) -> 64.981995 | Y16: =V16 -> -1.2
... A26: E23 | B26: 110 | D26: =B26 -> 110 | E26: -1.9 | F26: =F25+(SQRT((D26-D25)^2-(E26-E25)^2)) -> 109.97299 | G26: =E26 -> -1.9 | H26: G23 | I26: =F26 -> 109.97299 | J26: =G26 -> -1.9 | M26: =I26 -> 109.97299 | N26: =J26-$S$1 -> -1.9 | P26: =F27 -> 114.97199 | Q26: =G27-$S$1 -> -2 | U26: 115 | V26: =N27 -> -2 | X26: =M27-MIN($M$4:$M$56) -> 114.97199 | Y26: =V26 -> -2
A27: E24 | B27: 115 | D27: =B27 -> 115 | E27: -2 | F27: =F26+(SQRT((D27-D26)^2-(E27-E26)^2)) -> 114.97199 | G27: =E27 -> -2 | H27: G24 | I27: =F27 -> 114.97199 | J27: =G27 -> -2 | M27: =I27 -> 114.97199 | N27: =J27-$S$1 -> -2 | P27: =F28 -> 119.97099 | Q27: =G28-$S$1 -> -2.1
A28: E25 | B28: 120 | D28: =B28 -> 120 | E28: -2.1 | F28: =F27+(SQRT((D28-D27)^2-(E28-E27)^2)) -> 119.97099 | G28: =E28 -> -2.1 | P28: =F29 -> 124.97099 | Q28: =G29-$S$1 -> -2.1
A29: E26 | B29: 125 | D29: =B29 -> 125 | E29: -2.1 | F29: =F28+(SQRT((D29-D28)^2-(E29-E28)^2)) -> 124.97099 | G29: =E29 -> -2.1 | P29: =F30 -> 129.97099 | Q29: =G30-$S$1 -> -2.1
A30: E27 | B30: 130 | D30: =B30 -> 130 | E30: -2.1 | F30: =F29+(SQRT((D30-D29)^2-(E30-E29)^2)) -> 129.97099 | G30: =E30 -> -2.1 | P30: =F31 -> 134.96999 | Q30: =G31-$S$1 -> -2.2
A31: E28 | B31: 135 | D31: =B31 -> 135 | E31: -2.2 | F31: =F30+(SQRT((D31-D30)^2-(E31-E30)^2)) -> 134.96999 | G31: =E31 -> -2.2 | P31: =F32 -> 139.96899 | Q31: =G32-$S$1 -> -2.3
A32: E29 | B32: 140 | D32: =B32 -> 140 | E32: -2.3 | F32: =F31+(SQRT((D32-D31)^2-(E32-E31)^2)) -> 139.96899 | G32: =E32 -> -2.3 | P32: =F33 -> 144.96799 | Q32: =G33-$S$1 -> -2.2
A33: E30 | B33: 145 | D33: =B33 -> 145 | E33: -2.2 | F33: =F32+(SQRT((D33-D32)^2-(E33-E32)^2)) -> 144.96799 | G33: =E33 -> -2.2 | P33: =F34 -> 149.96699 | Q33: =G34-$S$1 -> -2.1
A34: E31 | B34: 150 | D34: =B34 -> 150 | E34: -2.1 | F34: =F33+(SQRT((D34-D33)^2-(E34-E33)^2)) -> 149.96699 | G34: =E34 -> -2.1 | P34: =F35 -> 154.96699 | Q34: =G35-$S$1 -> -2.1
A35: E32 | B35: 155 | D35: =B35 -> 155 | E35: -2.1 | F35: =F34+(SQRT((D35-D34)^2-(E35-E34)^2)) -> 154.96699 | G35: =E35 -> -2.1 | P35: =F36 -> 159.96699 | Q35: =G36-$S$1 -> -2.1
A36: E33 | B36: 160 | D36: =B36 -> 160 | E36: -2.1 | F36: =F35+(SQRT((D36-D35)^2-(E36-E35)^2)) -> 159.96699 | G36: =E36 -> -2.1 | P36: =F37 -> 164.96699 | Q36: =G37-$S$1 -> -2.1
A37: E34 | B37: 165 | D37: =B37 -> 165 | E37: -2.1 | F37: =F36+(SQRT((D37-D36)^2-(E37-E36)^2)) -> 164.96699 | G37: =E37 -> -2.1 | P37: =F38 -> 169.96699 | Q37: =G38-$S$1 -> -2.1
A38: E35 | B38: 170 | D38: =B38 -> 170 | E38: -2.1 | F38: =F37+(SQRT((D38-D37)^2-(E38-E37)^2)) -> 169.96699 | G38: =E38 -> -2.1 | P38: =F39 -> 174.96599 | Q38: =G39-$S$1 -> -2
A39: E36 | B39: 175 | D39: =B39 -> 175 | E39: -2 | F39: =F38+(SQRT((D39-D38)^2-(E39-E38)^2)) -> 174.96599 | G39: =E39 -> -2
A40: E37 | B40: 180 | D40: =B40 -> 180 | E40: -1.9 | F40: =F39+(SQRT((D40-D39)^2-(E40-E39)^2)) -> 179.96499 | G40: =E40 -> -1.9
A41: E38 | B41: 185 | D41: =B41 -> 185 | E41: -1.8 | F41: =F40+(SQRT((D41-D40)^2-(E41-E40)^2)) -> 184.96399 | G41: =E41 -> -1.8
A42: E39 | B42: 190 | D42: =B42 -> 190 | E42: -1.7 | F42: =F41+(SQRT((D42-D41)^2-(E42-E41)^2)) -> 189.96299 | G42: =E42 -> -1.7
A43: E40 | B43: 195 | D43: =B43 -> 195 | E43: -1.7 | F43: =F42+(SQRT((D43-D42)^2-(E43-E42)^2)) -> 194.96299 | G43: =E43 -> -1.7
A44: E41 | B44: 200 | D44: =B44 -> 200 | E44: -1.7 | F44: =F43+(SQRT((D44-D43)^2-(E44-E43)^2)) -> 199.96299 | G44: =E44 -> -1.7
A45: E42 | B45: 205 | D45: =B45 -> 205 | E45: -1.7 | F45: =F44+(SQRT((D45-D44)^2-(E45-E44)^2)) -> 204.96299 | G45: =E45 -> -1.7
A46: E43 | B46: 210 | D46: =B46 -> 210 | E46: -1.6 | F46: =F45+(SQRT((D46-D45)^2-(E46-E45)^2)) -> 209.96199 | G46: =E46 -> -1.6
A47: E44 | B47: 215 | D47: =B47 -> 215 | E47: -1.5 | F47: =F46+(SQRT((D47-D46)^2-(E47-E46)^2)) -> 214.96099 | G47: =E47 -> -1.5
A48: E45 | B48: 220 | D48: =B48 -> 220 | E48: -1.4 | F48: =F47+(SQRT((D48-D47)^2-(E48-E47)^2)) -> 219.95999 | G48: =E48 -> -1.4
A49: E46 | B49: 225 | D49: =B49 -> 225 | E49: -1.4 | F49: =F48+(SQRT((D49-D48)^2-(E49-E48)^2)) -> 224.95999 | G49: =E49 -> -1.4
A50: E47 | B50: 230 | D50: =B50 -> 230 | E50: -1.4 | F50: =F49+(SQRT((D50-D49)^2-(E50-E49)^2)) -> 229.95999 | G50: =E50 -> -1.4
A51: E48 | B51: 235 | D51: =B51 -> 235 | E51: -1.4 | F51: =F50+(SQRT((D51-D50)^2-(E51-E50)^2)) -> 234.95999 | G51: =E51 -> -1.4

Sheet SUE01_2023
A1: G1 = E13 | B1: ERT | D1: ERT depth | F1: ERT true horziontal | H1: RST (geophones) true horizontal | M1: Make RST start with highest point at point 0 for PJI | R1: RST max= | S1: =MAX(J16:J39) -> 0 | U1: RST topo_surface | X1: RST _topo (true horizontal x)
A2: offset 10 m, 3m spacing | M2: RST final pygimli fit | P2: ERT final (trure horizontal)
A3: offset | L3: offset | P3: -10 | Q3: -2.5 | U3: -10 | V3: =J15 -> -1.7 | X3: =M15-(MIN($M$16:$M$40)) -> -9 | Y3: =V3 -> -1.7
A4: E1 | B4: 0 | C4: 3834.705 | D4: =B4 -> 0 | E4: =C4-(MAX($C$4:$C$51)) -> -2.918 | F4: 0 | G4: =E4 -> -2.918 | P4: =F4 -> 0 | Q4: =G4-$S$1 -> -2.918 | U4: 0 | V4: =J16 -> -0.95 | X4: =M16-(MIN($M$16:$M$40)) -> 0 | Y4: =V4 -> -0.95
A5: E2 | B5: 3 | C5: 3834.656 | D5: =B5 -> 3 | E5: =C5-(MAX($C$4:$C$51)) -> -2.967 | F5: =F4+(SQRT((D5-D4)^2-(E5-E4)^2)) -> 2.9995998 | G5: =E5 -> -2.967 | P5: =F5 -> 2.9995998 | Q5: =G5-$S$1 -> -2.967 | U5: 3 | V5: =J17 -> -0.78 | X5: =M17-(MIN($M$16:$M$40)) -> 2.9951795 | Y5: =V5 -> -0.78
A6: E3 | B6: 6 | C6: 3834.579 | D6: =B6 -> 6 | E6: =C6-(MAX($C$4:$C$51)) -> -3.044 | F6: =F5+(SQRT((D6-D5)^2-(E6-E5)^2)) -> 5.9986115 | G6: =E6 -> -3.044 | P6: =F6 -> 5.9986115 | Q6: =G6-$S$1 -> -3.044 | U6: 6 | V6: =J18 -> -0.982 | X6: =M18-(MIN($M$16:$M$40)) -> 5.9883711 | Y6: =V6 -> -0.982
A7: E4 | B7: 9 | C7: 3834.497 | D7: =B7 -> 9 | E7: =C7-(MAX($C$4:$C$51)) -> -3.126 | F7: =F6+(SQRT((D7-D6)^2-(E7-E6)^2)) -> 8.9974906 | G7: =E7 -> -3.126 | P7: =F7 -> 8.9974906 | Q7: =G7-$S$1 -> -3.126 | U7: 9 | V7: =J19 -> -0.852 | X7: =M19-(MIN($M$16:$M$40)) -> 8.9855531 | Y7: =V7 -> -0.852
A8: E5 | B8: 12 | C8: 3834.338 | D8: =B8 -> 12 | E8: =C8-(MAX($C$4:$C$51)) -> -3.285 | F8: =F7+(SQRT((D8-D7)^2-(E8-E7)^2)) -> 11.993274 | G8: =E8 -> -3.285 | P8: =F8 -> 11.993274 | Q8: =G8-$S$1 -> -3.285 | U8: 12 | V8: =J20 -> -0.608 | X8: =M20-(MIN($M$16:$M$40)) -> 11.975614 | Y8: =V8 -> -0.608
A9: E6 | B9: 15 | C9: 3834.281 | D9: =B9 -> 15 | E9: =C9-(MAX($C$4:$C$51)) -> -3.342 | F9: =F8+(SQRT((D9-D8)^2-(E9-E8)^2)) -> 14.992733 | G9: =E9 -> -3.342 | P9: =F9 -> 14.992733 | Q9: =G9-$S$1 -> -3.342 | U9: 15 | V9: =J21 -> -0.998 | X9: =M21-(MIN($M$16:$M$40)) -> 14.950156 | Y9: =V9 -> -0.998
A10: E7 | B10: 18 | C10: 3834.523 | D10: =B10 -> 18 | E10: =C10-(MAX($C$4:$C$51)) -> -3.1 | F10: =F9+(SQRT((D10-D9)^2-(E10-E9)^2)) -> 17.982956 | G10: =E10 -> -3.1 | P10: =F10 -> 17.982956 | Q10: =G10-$S$1 -> -3.1 | U10: 18 | V10: =J22 -> -0.731 | X10: =M22-(MIN($M$16:$M$40)) -> 17.938251 | Y10: =V10 -> -0.731
A11: E8 | B11: 21 | C11: 3834.945 | D11: =B11 -> 21 | E11: =C11-(MAX($C$4:$C$51)) -> -2.678 | F11: =F10+(SQRT((D11-D10)^2-(E11-E10)^2)) -> 20.953127 | G11: =E11 -> -2.678 | P11: =F11 -> 20.953127 | Q11: =G11-$S$1 -> -2.678 | U11: 21 | V11: =J23 -> -0.682 | X11: =M23-(MIN($M$16:$M$40)) -> 20.937851 | Y11: =V11 -> -0.682
A12: E9 | B12: 24 | C12: 3835.463 | D12: =B12 -> 24 | E12: =C12-(MAX($C$4:$C$51)) -> -2.16 | F12: =F11+(SQRT((D12-D11)^2-(E12-E11)^2)) -> 23.908068 | G12: =E12 -> -2.16 | P12: =F12 -> 23.908068 | Q12: =G12-$S$1 -> -2.16 | U12: 24 | V12: =J24 -> -0.577 | X12: =M24-(MIN($M$16:$M$40)) -> 23.936013 | Y12: =V12 -> -0.577
A13: E10 | B13: 27 | C13: 3835.944 | D13: =B13 -> 27 | E13: =C13-(MAX($C$4:$C$51)) -> -1.679 | F13: =F12+(SQRT((D13-D12)^2-(E13-E12)^2)) -> 26.869257 | G13: =E13 -> -1.679 | P13: =F13 -> 26.869257 | Q13: =G13-$S$1 -> -1.679 | U13: 27 | V13: =J25 -> -0.262 | X13: =M25-(MIN($M$16:$M$40)) -> 26.919429 | Y13: =V13 -> -0.262
A14: E11 | B14: 30 | C14: 3835.968 | D14: =B14 -> 30 | E14: =C14-(MAX($C$4:$C$51)) -> -1.655 | F14: =F13+(SQRT((D14-D13)^2-(E14-E13)^2)) -> 29.869161 | G14: =E14 -> -1.655 | P14: =F14 -> 29.869161 | Q14: =G14-$S$1 -> -1.655 | U14: 30 | V14: =J26 -> -0.108 | X14: =M26-(MIN($M$16:$M$40)) -> 29.915474 | Y14: =V14 -> -0.108
A15: E12 | B15: 33 | C15: 3836.304 | D15: =B15 -> 33 | E15: =C15-(MAX($C$4:$C$51)) -> -1.319 | F15: =F14+(SQRT((D15-D14)^2-(E15-E14)^2)) -> 32.850285 | G15: =E15 -> -1.319 | H15: offset | I15: =I16-9 -> 26.827505 | J15: -1.7 | M15: =I15 -> 26.827505 | N15: =J15 -> -1.7 | P15: =F15 -> 32.850285 | Q15: =G15-$S$1 -> -1.319 | U15: 33 | V15: =J27 -> 0 | X15: =M27-(MIN($M$16:$M$40)) -> 32.913529 | Y15: =V15 -> 0
A16: E13 | B16: 36 | C16: 3836.673 | D16: =B16 -> 36 | E16: =C16-(MAX($C$4:$C$51)) -> -0.95 | F16: =F15+(SQRT((D16-D15)^2-(E16-E15)^2)) -> 35.827505 | G16: =E16 -> -0.95 | H16: G1 | I16: =F16 -> 35.827505 | J16: =G16 -> -0.95 | M16: =I16 -> 35.827505 | N16: =J16-$S$1 -> -0.95 | P16: =F16 -> 35.827505 | Q16: =G16-$S$1 -> -0.95 | U16: 36 | V16: =J28 -> -0.023 | X16: =M28-(MIN($M$16:$M$40)) -> 35.913441 | Y16: =V16 -> -0.023
A17: E14 | B17: 39 | C17: 3836.843 | D17: =B17 -> 39 | E17: =C17-(MAX($C$4:$C$51)) -> -0.78 | F17: =F16+(SQRT((D17-D16)^2-(E17-E16)^2)) -> 38.822685 | G17: =E17 -> -0.78 | H17: G2 | I17: =F17 -> 38.822685 | J17: =G17 -> -0.78 | M17: =I17 -> 38.822685 | N17: =J17-$S$1 -> -0.78 | P17: =F17 -> 38.822685 | Q17: =G17-$S$1 -> -0.78 | U17: 39 | V17: =J29 -> -0.111 | X17: =M29-(MIN($M$16:$M$40)) -> 38.91215 | Y17: =V17 -> -0.111
A18: E15 | B18: 42 | C18: 3836.641 | D18: =B18 -> 42 | E18: =C18-(MAX($C$4:$C$51)) -> -0.982 | F18: =F17+(SQRT((D18-D17)^2-(E18-E17)^2)) -> 41.815876 | G18: =E18 -> -0.982 | H18: G3 | I18: =F18 -> 41.815876 | J18: =G18 -> -0.982 | M18: =I18 -> 41.815876 | N18: =J18-$S$1 -> -0.982 | P18: =F18 -> 41.815876 | Q18: =G18-$S$1 -> -0.982 | U18: 42 | V18: =J30 -> -0.432 | X18: =M30-(MIN($M$16:$M$40)) -> 41.894927 | Y18: =V18 -> -0.432
A19: E16 | B19: 45 | C19: 3836.771 | D19: =B19 -> 45 | E19: =C19-(MAX($C$4:$C$51)) -> -0.852 | F19: =F18+(SQRT((D19-D18)^2-(E19-E18)^2)) -> 44.813058 | G19: =E19 -> -0.852 | H19: G4 | I19: =F19 -> 44.813058 | J19: =G19 -> -0.852 | M19: =I19 -> 44.813058 | N19: =J19-$S$1 -> -0.852 | P19: =F19 -> 44.813058 | Q19: =G19-$S$1 -> -0.852 | U19: 45 | V19: =J31 -> -0.504 | X19: =M31-(MIN($M$16:$M$40)) -> 44.894063 | Y19: =V19 -> -0.504
A20: E17 | B20: 48 | C20: 3837.015 | D20: =B20 -> 48 | E20: =C20-(MAX($C$4:$C$51)) -> -0.608 | F20: =F19+(SQRT((D20-D19)^2-(E20-E19)^2)) -> 47.803119 | G20: =E20 -> -0.608 | H20: G5 | I20: =F20 -> 47.803119 | J20: =G20 -> -0.608 | M20: =I20 -> 47.803119 | N20: =J20-$S$1 -> -0.608 | P20: =F20 -> 47.803119 | Q20: =G20-$S$1 -> -0.608 | U20: 48 | V20: =J32 -> -0.633 | X20: =M32-(MIN($M$16:$M$40)) -> 47.891288 | Y20: =V20 -> -0.633
A21: E18 | B21: 51 | C21: 3836.625 | D21: =B21 -> 51 | E21: =C21-(MAX($C$4:$C$51)) -> -0.998 | F21: =F20+(SQRT((D21-D20)^2-(E21-E20)^2)) -> 50.777661 | G21: =E21 -> -0.998 | H21: G6 | I21: =F21 -> 50.777661 | J21: =G21 -> -0.998 | M21: =I21 -> 50.777661 | N21: =J21-$S$1 -> -0.998 | P21: =F21 -> 50.777661 | Q21: =G21-$S$1 -> -0.998 | U21: 51 | V21: =J33 -> -0.89 | X21: =M33-(MIN($M$16:$M$40)) -> 50.88026 | Y21: =V21 -> -0.89
A22: E19 | B22: 54 | C22: 3836.892 | D22: =B22 -> 54 | E22: =C22-(MAX($C$4:$C$51)) -> -0.731 | F22: =F21+(SQRT((D22-D21)^2-(E22-E21)^2)) -> 53.765756 | G22: =E22 -> -0.731 | H22: G7 | I22: =F22 -> 53.765756 | J22: =G22 -> -0.731 | M22: =I22 -> 53.765756 | N22: =J22-$S$1 -> -0.731 | P22: =F22 -> 53.765756 | Q22: =G22-$S$1 -> -0.731 | U22: 54 | V22: =J34 -> -1.145 | X22: =M34-(MIN($M$16:$M$40)) -> 53.869403 | Y22: =V22 -> -1.145
A23: E20 | B23: 57 | C23: 3836.941 | D23: =B23 -> 57 | E23: =C23-(MAX($C$4:$C$51)) -> -0.682 | F23: =F22+(SQRT((D23-D22)^2-(E23-E22)^2)) -> 56.765356 | G23: =E23 -> -0.682 | H23: G8 | I23: =F23 -> 56.765356 | J23: =G23 -> -0.682 | M23: =I23 -> 56.765356 | N23: =J23-$S$1 -> -0.682 | P23: =F23 -> 56.765356 | Q23: =G23-$S$1 -> -0.682 | U23: 57 | V23: =J35 -> -1.486 | X23: =M35-(MIN($M$16:$M$40)) -> 56.84996 | Y23: =V23 -> -1.486
A24: E21 | B24: 60 | C24: 3837.046 | D24: =B24 -> 60 | E24: =C24-(MAX($C$4:$C$51)) -> -0.577 | F24: =F23+(SQRT((D24-D23)^2-(E24-E23)^2)) -> 59.763518 | G24: =E24 -> -0.577 | H24: G9 | I24: =F24 -> 59.763518 | J24: =G24 -> -0.577 | M24: =I24 -> 59.763518 | N24: =J24-$S$1 -> -0.577 | P24: =F24 -> 59.763518 | Q24: =G24-$S$1 -> -0.577 | U24: 60 | V24: =J36 -> -2.001 | X24: =M36-(MIN($M$16:$M$40)) -> 59.805425 | Y24: =V24 -> -2.001
A25: E22 | B25: 63 | C25: 3837.361 | D25: =B25 -> 63 | E25: =C25-(MAX($C$4:$C$51)) -> -0.262 | F25: =F24+(SQRT((D25-D24)^2-(E25-E24)^2)) -> 62.746935 | G25: =E25 -> -0.262 | H25: G10 | I25: =F25 -> 62.746935 | J25: =G25 -> -0.262 | M25: =I25 -> 62.746935 | N25: =J25-$S$1 -> -0.262 | P25: =F25 -> 62.746935 | Q25: =G25-$S$1 -> -0.262 | U25: 63 | V25: =J37 -> -2.638 | X25: =M37-(MIN($M$16:$M$40)) -> 62.737017 | Y25: =V25 -> -2.638
A26: E23 | B26: 66 | C26: 3837.515 | D26: =B26 -> 66 | E26: =C26-(MAX($C$4:$C$51)) -> -0.108 | F26: =F25+(SQRT((D26-D25)^2-(E26-E25)^2)) -> 65.742979 | G26: =E26 -> -0.108 | H26: G11 | I26: =F26 -> 65.742979 | J26: =G26 -> -0.108 | M26: =I26 -> 65.742979 | N26: =J26-$S$1 -> -0.108 | P26: =F26 -> 65.742979 | Q26: =G26-$S$1 -> -0.108 | U26: 66 | V26: =J38 -> -2.9 | X26: =M38-(MIN($M$16:$M$40)) -> 65.725554 | Y26: =V26 -> -2.9
A27: E24 | B27: 69 | C27: 3837.623 | D27: =B27 -> 69 | E27: =C27-(MAX($C$4:$C$51)) -> 0 | F27: =F26+(SQRT((D27-D26)^2-(E27-E26)^2)) -> 68.741035 | G27: =E27 -> 0 | H27: G12 | I27: =F27 -> 68.741035 | J27: =G27 -> 0 | M27: =I27 -> 68.741035 | N27: =J27-$S$1 -> 0 | P27: =F27 -> 68.741035 | Q27: =G27-$S$1 -> 0 | U27: 69 | V27: =J39 -> -3.092 | X27: =M39-(MIN($M$16:$M$40)) -> 68.719404 | Y27: =V27 -> -3.092
A28: E25 | B28: 72 | C28: 3837.6 | D28: =B28 -> 72 | E28: =C28-(MAX($C$4:$C$51)) -> -0.023 | F28: =F27+(SQRT((D28-D27)^2-(E28-E27)^2)) -> 71.740947 | G28: =E28 -> -0.023 | H28: G13 | I28: =F28 -> 71.740947 | J28: =G28 -> -0.023 | M28: =I28 -> 71.740947 | N28: =J28-$S$1 -> -0.023 | P28: =F28 -> 71.740947 | Q28: =G28-$S$1 -> -0.023 | U28: 79 | V28: =J40 -> -3.417 | X28: =M40-(MIN($M$16:$M$40)) -> 78.719404 | Y28: =V28 -> -3.417
A29: E26 | B29: 75 | C29: 3837.512 | D29: =B29 -> 75 | E29: =C29-(MAX($C$4:$C$51)) -> -0.111 | F29: =F28+(SQRT((D29-D28)^2-(E29-E28)^2)) -> 74.739656 | G29: =E29 -> -0.111 | H29: G14 | I29: =F29 -> 74.739656 | J29: =G29 -> -0.111 | M29: =I29 -> 74.739656 | N29: =J29-$S$1 -> -0.111 | P29: =F29 -> 74.739656 | Q29: =G29-$S$1 -> -0.111
A30: E27 | B30: 78 | C30: 3837.191 | D30: =B30 -> 78 | E30: =C30-(MAX($C$4:$C$51)) -> -0.432 | F30: =F29+(SQRT((D30-D29)^2-(E30-E29)^2)) -> 77.722433 | G30: =E30 -> -0.432 | H30: G15 | I30: =F30 -> 77.722433 | J30: =G30 -> -0.432 | M30: =I30 -> 77.722433 | N30: =J30-$S$1 -> -0.432 | P30: =F30 -> 77.722433 | Q30: =G30-$S$1 -> -0.432
A31: E28 | B31: 81 | C31: 3837.119 | D31: =B31 -> 81 | E31: =C31-(MAX($C$4:$C$51)) -> -0.504 | F31: =F30+(SQRT((D31-D30)^2-(E31-E30)^2)) -> 80.721569 | G31: =E31 -> -0.504 | H31: G16 | I31: =F31 -> 80.721569 | J31: =G31 -> -0.504 | M31: =I31 -> 80.721569 | N31: =J31-$S$1 -> -0.504 | P31: =F31 -> 80.721569 | Q31: =G31-$S$1 -> -0.504
A32: E29 | B32: 84 | C32: 3836.99 | D32: =B32 -> 84 | E32: =C32-(MAX($C$4:$C$51)) -> -0.633 | F32: =F31+(SQRT((D32-D31)^2-(E32-E31)^2)) -> 83.718794 | G32: =E32 -> -0.633 | H32: G17 | I32: =F32 -> 83.718794 | J32: =G32 -> -0.633 | M32: =I32 -> 83.718794 | N32: =J32-$S$1 -> -0.633 | P32: =F32 -> 83.718794 | Q32: =G32-$S$1 -> -0.633
A33: E30 | B33: 87 | C33: 3836.733 | D33: =B33 -> 87 | E33: =C33-(MAX($C$4:$C$51)) -> -0.89 | F33: =F32+(SQRT((D33-D32)^2-(E33-E32)^2)) -> 86.707765 | G33: =E33 -> -0.89 | H33: G18 | I33: =F33 -> 86.707765 | J33: =G33 -> -0.89 | M33: =I33 -> 86.707765 | N33: =J33-$S$1 -> -0.89 | P33: =F33 -> 86.707765 | Q33: =G33-$S$1 -> -0.89
A34: E31 | B34: 90 | C34: 3836.478 | D34: =B34 -> 90 | E34: =C34-(MAX($C$4:$C$51)) -> -1.145 | F34: =F33+(SQRT((D34-D33)^2-(E34-E33)^2)) -> 89.696908 | G34: =E34 -> -1.145 | H34: G19 | I34: =F34 -> 89.696908 | J34: =G34 -> -1.145 | M34: =I34 -> 89.696908 | N34: =J34-$S$1 -> -1.145 | P34: =F34 -> 89.696908 | Q34: =G34-$S$1 -> -1.145
A35: E32 | B35: 93 | C35: 3836.137 | D35: =B35 -> 93 | E35: =C35-(MAX($C$4:$C$51)) -> -1.486 | F35: =F34+(SQRT((D35-D34)^2-(E35-E34)^2)) -> 92.677465 | G35: =E35 -> -1.486 | H35: G20 | I35: =F35 -> 92.677465 | J35: =G35 -> -1.486 | M35: =I35 -> 92.677465 | N35: =J35-$S$1 -> -1.486 | P35: =F35 -> 92.677465 | Q35: =G35-$S$1 -> -1.486
A36: E33 | B36: 96 | C36: 3835.622 | D36: =B36 -> 96 | E36: =C36-(MAX($C$4:$C$51)) -> -2.001 | F36: =F35+(SQRT((D36-D35)^2-(E36-E35)^2)) -> 95.63293 | G36: =E36 -> -2.001 | H36: G21 | I36: =F36 -> 95.63293 | J36: =G36 -> -2.001 | M36: =I36 -> 95.63293 | N36: =J36-$S$1 -> -2.001 | P36: =F36 -> 95.63293 | Q36: =G36-$S$1 -> -2.001
A37: E34 | B37: 99 | C37: 3834.985 | D37: =B37 -> 99 | E37: =C37-(MAX($C$4:$C$51)) -> -2.638 | F37: =F36+(SQRT((D37-D36)^2-(E37-E36)^2)) -> 98.564522 | G37: =E37 -> -2.638 | H37: G22 | I37: =F37 -> 98.564522 | J37: =G37 -> -2.638 | M37: =I37 -> 98.564522 | N37: =J37-$S$1 -> -2.638 | P37: =F37 -> 98.564522 | Q37: =G37-$S$1 -> -2.638
A38: E35 | B38: 102 | C38: 3834.723 | D38: =B38 -> 102 | E38: =C38-(MAX($C$4:$C$51)) -> -2.9 | F38: =F37+(SQRT((D38-D37)^2-(E38-E37)^2)) -> 101.55306 | G38: =E38 -> -2.9 | H38: G23 | I38: =F38 -> 101.55306 | J38: =G38 -> -2.9 | M38: =I38 -> 101.55306 | N38: =J38-$S$1 -> -2.9 | P38: =F38 -> 101.55306 | Q38: =G38-$S$1 -> -2.9
A39: E36 | B39: 105 | C39: 3834.531 | D39: =B39 -> 105 | E39: =C39-(MAX($C$4:$C$51)) -> -3.092 | F39: =F38+(SQRT((D39-D38)^2-(E39-E38)^2)) -> 104.54691 | G39: =E39 -> -3.092 | H39: G24 | I39: =F39 -> 104.54691 | J39: =G39 -> -3.092 | M39: =I39 -> 104.54691 | N39: =J39-$S$1 -> -3.092 | P39: =F39 -> 104.54691 | Q39: =G39-$S$1 -> -3.092
A40: E37 | B40: 108 | C40: 3834.206 | D40: =B40 -> 108 | E40: =C40-(MAX($C$4:$C$51)) -> -3.417 | F40: =F39+(SQRT((D40-D39)^2-(E40-E39)^2)) -> 107.52925 | G40: =E40 -> -3.417 | H40: offset | I40: =I39+10 -> 114.54691 | J40: =G40 -> -3.417 | M40: =I40 -> 114.54691 | N40: =J40-$S$1 -> -3.417 | P40: =F40 -> 107.52925 | Q40: =G40-$S$1 -> -3.417
A41: E38 | B41: 111 | C41: 3833.956 | D41: =B41 -> 111 | E41: =C41-(MAX($C$4:$C$51)) -> -3.667 | F41: =F40+(SQRT((D41-D40)^2-(E41-E40)^2)) -> 110.51882 | G41: =E41 -> -3.667 | P41: =F41 -> 110.51882 | Q41: =G41-$S$1 -> -3.667
A42: E39 | B42: 114 | C42: 3833.751 | D42: =B42 -> 114 | E42: =C42-(MAX($C$4:$C$51)) -> -3.872 | F42: =F41+(SQRT((D42-D41)^2-(E42-E41)^2)) -> 113.51181 | G42: =E42 -> -3.872 | P42: =F42 -> 113.51181 | Q42: =G42-$S$1 -> -3.872
A43: E40 | B43: 117 | C43: 3833.44 | D43: =B43 -> 117 | E43: =C43-(MAX($C$4:$C$51)) -> -4.183 | F43: =F42+(SQRT((D43-D42)^2-(E43-E42)^2)) -> 116.49564 | G43: =E43 -> -4.183 | P43: =F43 -> 116.49564 | Q43: =G43-$S$1 -> -4.183
A44: E41 | B44: 120 | C44: 3833.09 | D44: =B44 -> 120 | E44: =C44-(MAX($C$4:$C$51)) -> -4.533 | F44: =F43+(SQRT((D44-D43)^2-(E44-E43)^2)) -> 119.47516 | G44: =E44 -> -4.533 | P44: =F44 -> 119.47516 | Q44: =G44-$S$1 -> -4.533
A45: E42 | B45: 123 | C45: 3832.681 | D45: =B45 -> 123 | E45: =C45-(MAX($C$4:$C$51)) -> -4.942 | F45: =F44+(SQRT((D45-D44)^2-(E45-E44)^2)) -> 122.44714 | G45: =E45 -> -4.942 | P45: =F45 -> 122.44714 | Q45: =G45-$S$1 -> -4.942
A46: E43 | B46: 126 | C46: 3831.983 | D46: =B46 -> 126 | E46: =C46-(MAX($C$4:$C$51)) -> -5.64 | F46: =F45+(SQRT((D46-D45)^2-(E46-E45)^2)) -> 125.36481 | G46: =E46 -> -5.64 | P46: =F46 -> 125.36481 | Q46: =G46-$S$1 -> -5.64
A47: E44 | B47: 129 | C47: 3831.401 | D47: =B47 -> 129 | E47: =C47-(MAX($C$4:$C$51)) -> -6.222 | F47: =F46+(SQRT((D47-D46)^2-(E47-E46)^2)) -> 128.30782 | G47: =E47 -> -6.222 | P47: =F47 -> 128.30782 | Q47: =G47-$S$1 -> -6.222
A48: E45 | B48: 132 | C48: 3830.806 | D48: =B48 -> 132 | E48: =C48-(MAX($C$4:$C$51)) -> -6.817 | F48: =F47+(SQRT((D48-D47)^2-(E48-E47)^2)) -> 131.24822 | G48: =E48 -> -6.817 | P48: =F48 -> 131.24822 | Q48: =G48-$S$1 -> -6.817
A49: E46 | B49: 135 | C49: 3830.11 | D49: =B49 -> 135 | E49: =C49-(MAX($C$4:$C$51)) -> -7.513 | F49: =F48+(SQRT((D49-D48)^2-(E49-E48)^2)) -> 134.16637 | G49: =E49 -> -7.513 | P49: =F49 -> 134.16637 | Q49: =G49-$S$1 -> -7.513
A50: E47 | B50: 138 | C50: 3829.623 | D50: =B50 -> 138 | E50: =C50-(MAX($C$4:$C$51)) -> -8 | F50: =F49+(SQRT((D50-D49)^2-(E50-E49)^2)) -> 137.12658 | G50: =E50 -> -8 | P50: =F50 -> 137.12658 | Q50: =G50-$S$1 -> -8
A51: E48 | B51: 141 | C51: 3829.103 | D51: =B51 -> 141 | E51: =C51-(MAX($C$4:$C$51)) -> -8.52 | F51: =F50+(SQRT((D51-D50)^2-(E51-E50)^2)) -> 140.08117 | G51: =E51 -> -8.52 | P51: =F51 -> 140.08117 | Q51: =G51-$S$1 -> -8.52

Sheet SUE05_2023
A1: G1 = E14 | B1: ERT | D1: ERT depth | F1: ERT true horziontal | H1: RST (geophones) true horizontal | M1: Make RST start with highest point at point 0 for PJI | R1: RST max= | S1: =MAX(J17:J40) -> 0 | U1: RST topo_surface | X1: RST _topo (true horizontal x)
A2: spacing | B2: 5
A3: offset | B3: 10 | M3: RST final pygimli fit | P3: ERT final (trure horizontal)
A4: offset | L4: offset | U4: =-B3 -> -10 | V4: =J16 -> -1.7 | X4: =M16-(MIN($M$17:$M$41)) -> -10 | Y4: =V4 -> -1.7
A5: E1 | B5: 0 | C5: 3953.489 | D5: =B5 -> 0 | E5: =C5-(MAX($C$5:$C$52)) -> -15.752 | F5: 0 | G5: =E5 -> -15.752 | P5: =F5 -> 0 | Q5: =G5-$S$1 -> -15.752 | U5: 0 | V5: =J17 -> -0.304 | X5: =M17-(MIN($M$17:$M$41)) -> 0 | Y5: =V5 -> -0.304
A6: E2 | B6: =B5+$B$2 -> 5 | C6: 3953.63 | D6: =B6 -> 5 | E6: =C6-(MAX($C$5:$C$52)) -> -15.611 | F6: =F5+(SQRT((D6-D5)^2-(E6-E5)^2)) -> 4.9980115 | G6: =E6 -> -15.611 | P6: =F6 -> 4.9980115 | Q6: =G6-$S$1 -> -15.611 | U6: 5 | V6: =J18 -> -0.054 | X6: =M18-(MIN($M$17:$M$41)) -> 4.9937461 | Y6: =V6 -> -0.054
A7: E3 | B7: =B6+$B$2 -> 10 | C7: 3954.014 | D7: =B7 -> 10 | E7: =C7-(MAX($C$5:$C$52)) -> -15.227 | F7: =F6+(SQRT((D7-D6)^2-(E7-E6)^2)) -> 9.9832441 | G7: =E7 -> -15.227 | P7: =F7 -> 9.9832441 | Q7: =G7-$S$1 -> -15.227 | U7: 10 | V7: =J19 -> 0 | X7: =M19-(MIN($M$17:$M$41)) -> 9.9934545 | Y7: =V7 -> 0
A8: E4 | B8: =B7+$B$2 -> 15 | C8: 3955.714 | D8: =B8 -> 15 | E8: =C8-(MAX($C$5:$C$52)) -> -13.527 | F8: =F7+(SQRT((D8-D7)^2-(E8-E7)^2)) -> 14.685371 | G8: =E8 -> -13.527 | P8: =F8 -> 14.685371 | Q8: =G8-$S$1 -> -13.527 | U8: 15 | V8: =J20 -> -0.136 | X8: =M20-(MIN($M$17:$M$41)) -> 14.991605 | Y8: =V8 -> -0.136
A9: E5 | B9: =B8+$B$2 -> 20 | C9: 3956.962 | D9: =B9 -> 20 | E9: =C9-(MAX($C$5:$C$52)) -> -12.279 | F9: =F8+(SQRT((D9-D8)^2-(E9-E8)^2)) -> 19.527116 | G9: =E9 -> -12.279 | P9: =F9 -> 19.527116 | Q9: =G9-$S$1 -> -12.279 | U9: 20 | V9: =J21 -> -0.388 | X9: =M21-(MIN($M$17:$M$41)) -> 19.98525 | Y9: =V9 -> -0.388
A10: E6 | B10: =B9+$B$2 -> 25 | C10: 3958.779 | D10: =B10 -> 25 | E10: =C10-(MAX($C$5:$C$52)) -> -10.462 | F10: =F9+(SQRT((D10-D9)^2-(E10-E9)^2)) -> 24.185282 | G10: =E10 -> -10.462 | P10: =F10 -> 24.185282 | Q10: =G10-$S$1 -> -10.462 | U10: 25 | V10: =J22 -> -0.677 | X10: =M22-(MIN($M$17:$M$41)) -> 24.976891 | Y10: =V10 -> -0.677
A11: E7 | B11: =B10+$B$2 -> 30 | C11: 3960.262 | D11: =B11 -> 30 | E11: =C11-(MAX($C$5:$C$52)) -> -8.979 | F11: =F10+(SQRT((D11-D10)^2-(E11-E10)^2)) -> 28.960291 | G11: =E11 -> -8.979 | P11: =F11 -> 28.960291 | Q11: =G11-$S$1 -> -8.979 | U11: 30 | V11: =J23 -> -0.595 | X11: =M23-(MIN($M$17:$M$41)) -> 29.976219 | Y11: =V11 -> -0.595
A12: E8 | B12: =B11+$B$2 -> 35 | C12: 3961.641 | D12: =B12 -> 35 | E12: =C12-(MAX($C$5:$C$52)) -> -7.6 | F12: =F11+(SQRT((D12-D11)^2-(E12-E11)^2)) -> 33.766367 | G12: =E12 -> -7.6 | P12: =F12 -> 33.766367 | Q12: =G12-$S$1 -> -7.6 | U12: 35 | V12: =J24 -> -0.556 | X12: =M24-(MIN($M$17:$M$41)) -> 34.976066 | Y12: =V12 -> -0.556
A13: E9 | B13: =B12+$B$2 -> 40 | C13: 3963.739 | D13: =B13 -> 40 | E13: =C13-(MAX($C$5:$C$52)) -> -5.502 | F13: =F12+(SQRT((D13-D12)^2-(E13-E12)^2)) -> 38.304912 | G13: =E13 -> -5.502 | P13: =F13 -> 38.304912 | Q13: =G13-$S$1 -> -5.502 | U13: 40 | V13: =J25 -> -0.626 | X13: =M25-(MIN($M$17:$M$41)) -> 39.975576 | Y13: =V13 -> -0.626
